pinotUpdatedTs,orderId,taskId,imageUrl,originalUrl,imageDecision,isHumanFaceDetected,reviewAiCorrect,reviewConfusionMatrix,reviewComments
6/18/2026,2.00015E+14,e429acfb-6fc7-4e94-b1f1-9ff1accdbb9f,http://images.delivery.walmart.com/949f4e21-ee34-4735-9055-d2486e4823a9.jpeg,http://images.delivery.walmart.com/324f91ce-c4a5-4147-bfec-85966acb2333.jpeg,acceptable,TRUE,Yes,True Positive,
6/18/2026,2.00015E+14,fdbc763a-2988-4855-8ed1-1a69afcaf00b,http://images.delivery.walmart.com/32947c60-6f7a-47c0-a9db-f7a7f8f305b5.jpeg,http://images.delivery.walmart.com/b8b3881d-e6fb-45aa-ae5e-077945d4b152.jpeg,acceptable,TRUE,Yes,True Positive,
6/18/2026,2.00015E+14,f44a1291-0364-4ca6-3756-1893eea26d2b,http://images.delivery.walmart.com/a92fc970-d688-4875-8bf6-9a9355f19511.jpeg,http://images.delivery.walmart.com/d4fb2d1b-07bb-4cef-a36e-b6b8a41a6866.jpeg,acceptable,TRUE,Yes,True Positive,
6/18/2026,2.00015E+14,414b9bd5-4c19-43c9-8d6d-645b86a547b5,http://images.delivery.walmart.com/8e6be2ad-eb31-4170-a89e-ed9b548318d6.jpeg,http://images.delivery.walmart.com/aa27aabe-7c00-468a-a497-809618f6efda.jpeg,acceptable,TRUE,Yes,True Positive,
6/18/2026,2.00015E+14,87a53474-8c1b-4185-b6a0-19def1c1ab51,http://images.delivery.walmart.com/47ab960d-03cf-4d1c-a279-8f9c1a860455.jpeg,http://images.delivery.walmart.com/97aad2c7-4a8d-41dc-baac-10200fdae7d1.jpeg,acceptable,TRUE,Yes,True Positive,Not a real Human face
6/18/2026,2.00015E+14,4f66fcef-3a24-482f-809c-d13b728068ca,http://images.delivery.walmart.com/2ce3bb77-9f7c-4ac0-807d-ba762154ac7a.jpeg,http://images.delivery.walmart.com/fc79a678-2893-42c1-8686-b7e77405346e.jpeg,unacceptable,TRUE,Yes,True Positive,
6/18/2026,2.00015E+14,1085b959-38a9-4637-b3be-4053bb09d595,http://images.delivery.walmart.com/c12801c4-42c2-4476-879c-9a38e122c7fb.jpeg,http://images.delivery.walmart.com/17a6f124-3339-4dd0-8fbb-6d2dc9e4754f.jpeg,acceptable,TRUE,Yes,True Positive,
6/18/2026,2.00015E+14,6688df99-9f63-4a55-b71e-35a52c307048,http://images.delivery.walmart.com/b41a66c2-4775-46a4-bac0-bd76813a8b71.jpeg,http://images.delivery.walmart.com/f3af7713-f749-47a2-ac50-8cc9b5f652a5.jpeg,acceptable,TRUE,Yes,True Positive,
6/18/2026,2.00015E+14,18b18514-e4d6-4923-ad0a-8431d7f29b5b,http://images.delivery.walmart.com/115a57b8-f7e2-4d1e-820a-7bb5e6016a0e.jpeg,http://images.delivery.walmart.com/69ea12a4-ad5b-40f0-b66d-eb42bbe3f7e4.jpeg,acceptable,TRUE,Yes,True Positive,
6/18/2026,2.00015E+14,3d60c851-b351-4a6c-8ad5-7092106f49a0,http://images.delivery.walmart.com/4754060b-05ea-44de-8cea-c590bdba905c.jpeg,http://images.delivery.walmart.com/965d13ad-45f5-4c75-99aa-3e5a796c6398.jpeg,acceptable,TRUE,Yes,True Positive,
6/18/2026,2.00015E+14,62276aaa-23df-4099-88d0-b207c8d23f8b,http://images.delivery.walmart.com/f736fdb7-04f1-4ec4-bd6d-ed9a6dad9ac9.jpeg,http://images.delivery.walmart.com/675754a9-a472-45f6-92aa-f422a772baa7.jpeg,acceptable,TRUE,Yes,True Positive,
6/18/2026,2.00015E+14,7c9d00dc-d693-4b81-9517-18a961bcb44c,http://images.delivery.walmart.com/d23103e6-7493-451a-8841-1295ba26c2f7.jpeg,http://images.delivery.walmart.com/d8295c17-6aea-4253-afc7-6f4d26878ca3.jpeg,acceptable,TRUE,No,False Positive,
6/18/2026,2.00015E+14,cb093f7f-d86b-d8e0-3c6e-d49be1700794,http://images.delivery.walmart.com/bb6c4d92-cebf-4ede-8203-7a4a6855c211.jpeg,http://images.delivery.walmart.com/ecc090ad-2168-4e8c-b9f4-db31970e195d.jpeg,acceptable,TRUE,Yes,True Positive,
6/18/2026,2.00015E+14,f9f55bc8-59e4-4f1a-95a4-06b7f36466a9,http://images.delivery.walmart.com/5893e727-fa4f-419e-a1e0-8116671f750f.jpeg,http://images.delivery.walmart.com/610d39f9-6aa7-4466-8427-ba1568d713cb.jpeg,acceptable,TRUE,Yes,True Positive,
6/18/2026,2.00015E+14,55695c0e-666b-4558-bab1-209551b81f58,http://images.delivery.walmart.com/6ac20e53-e7ea-448f-a8f3-788eec42bf86.jpeg,http://images.delivery.walmart.com/5cb92339-640d-4606-bbe0-05c84485cccb.jpeg,acceptable,TRUE,Yes,True Positive,
6/18/2026,2.00015E+14,0c23b11a-03de-4689-b996-53ba5841cbbc,http://images.delivery.walmart.com/65a36fed-bf5c-4cb8-bf3b-081d16b187d6.jpeg,http://images.delivery.walmart.com/ee672565-db16-4728-900d-4386f5e5f003.jpeg,acceptable,TRUE,Yes,True Positive,
6/18/2026,2.00015E+14,4edd52bb-ad54-4478-96d7-fb975fb3e564,http://images.delivery.walmart.com/e412d36c-80f9-440d-9788-e45511667572.jpeg,http://images.delivery.walmart.com/bd398193-00b3-4d51-982b-f60b311ae548.jpeg,acceptable,TRUE,Yes,True Positive,
6/18/2026,2.00015E+14,2c9f7acc-c99b-4091-84cf-e6d07f239c67,http://images.delivery.walmart.com/67c96882-f8fe-4d0e-84ae-aaa8fac80049.jpeg,http://images.delivery.walmart.com/d363c8be-1c69-49c4-9984-f0df38f3c6d6.jpeg,acceptable,TRUE,Yes,True Positive,
6/18/2026,2.00015E+14,4d18e71f-50da-a80a-5c71-94b940e9e2d1,http://images.delivery.walmart.com/479cc091-7e34-4edf-bf21-cb396be6c9e6.jpeg,http://images.delivery.walmart.com/9acd1c16-d1b0-4394-abd6-c6fb40b51d84.jpeg,acceptable,TRUE,Yes,True Positive,
6/18/2026,2.00015E+14,18b75422-70bc-484a-a7ab-39a38ef56a13,http://images.delivery.walmart.com/4435e45a-7eca-4f4a-a696-5739a5a9d8b8.jpeg,http://images.delivery.walmart.com/5456dbee-1526-4899-ac25-2d8fc2d51844.jpeg,acceptable,TRUE,No,False Positive,
6/18/2026,2.00015E+14,0baa5825-1bcd-456a-ba9d-804ba2984000,http://images.delivery.walmart.com/ad998582-85b7-47b7-9306-c4d76930b9cd.jpeg,http://images.delivery.walmart.com/1faa12a4-1422-4ee2-b432-d403f078ca1c.jpeg,acceptable,TRUE,Yes,True Positive,
6/18/2026,2.00015E+14,e077509d-4482-4aaa-82e3-c86a2e3f7f39,http://images.delivery.walmart.com/55d86605-96c5-49de-9ec4-c2721a42ead7.jpeg,http://images.delivery.walmart.com/c827cee6-e4db-4dc0-a3be-4f4f9d941ec3.jpeg,acceptable,TRUE,Yes,True Positive,
6/18/2026,2.00015E+14,70c2e493-7d6f-4dfc-a3f2-996df34fcb92,http://images.delivery.walmart.com/7874b634-5126-4201-8941-9db64fe7a9b0.jpeg,http://images.delivery.walmart.com/b209bb06-337b-447b-b8bd-56be8dc725a9.jpeg,acceptable,TRUE,Yes,True Positive,
6/18/2026,2.00015E+14,93ec1961-3d2f-4c5d-8a04-0e577ae99bce,http://images.delivery.walmart.com/b42d637b-178e-49dd-ac34-bd2ed1c95c72.jpeg,http://images.delivery.walmart.com/cdc54f22-5587-4a0c-a154-429866c01cb8.jpeg,acceptable,TRUE,Yes,True Positive,
6/18/2026,2.00015E+14,9d7a656c-b43c-47c3-9af8-5f8c64823825,http://images.delivery.walmart.com/8d1c5a73-b825-4b4b-a4d9-2975a6b94997.jpeg,http://images.delivery.walmart.com/8852a017-bc6b-42df-b6c8-a3e6a72e7141.jpeg,acceptable,TRUE,Yes,True Positive,
6/18/2026,2.00015E+14,16644e62-c5b3-38f8-269e-2ee283676e0c,http://images.delivery.walmart.com/0042f384-f63b-4246-ab34-053615644d52.jpeg,http://images.delivery.walmart.com/65824af4-79a4-4e6b-8885-20575a8f180d.jpeg,acceptable,TRUE,Yes,True Positive,
6/18/2026,2.00015E+14,17e15fb5-84bc-4176-981a-2f729fc499db,http://images.delivery.walmart.com/96df2361-7383-4c61-940a-a06d74f6bbd2.jpeg,http://images.delivery.walmart.com/098286cc-66a0-4b03-8e58-4a48ecb7fd65.jpeg,acceptable,TRUE,Yes,True Positive,
6/18/2026,2.00015E+14,19553e5f-94d3-4c10-9b50-2f233532226c,http://images.delivery.walmart.com/12ab8fc7-817e-4024-9c94-aa398278f5d2.jpeg,http://images.delivery.walmart.com/8a9f94fe-1ec7-4e7c-8fd7-de0300706992.jpeg,acceptable,TRUE,Yes,True Positive,
6/18/2026,2.00015E+14,0ed2a624-5d8d-4b28-a167-f9e0d5345735,http://images.delivery.walmart.com/f92c48bb-144d-4564-aebc-1313e0b38523.jpeg,http://images.delivery.walmart.com/5281bfd2-f042-4ba6-ba7a-22feba3eb9fe.jpeg,acceptable,TRUE,Yes,True Positive,
6/18/2026,2.00015E+14,7c94c972-ac84-466a-84b1-791fc016d159,http://images.delivery.walmart.com/d9620719-021a-48c8-b04d-3d8b626f34f9.jpeg,http://images.delivery.walmart.com/5e290db7-1099-4d8f-b50d-b1c2ebc578fc.jpeg,acceptable,TRUE,Yes,True Positive,
6/18/2026,2.00015E+14,d3b36427-8619-4863-847b-3ff0a3e4b2a4,http://images.delivery.walmart.com/d18ff892-f2bf-4097-8bba-24556d4e2ded.jpeg,http://images.delivery.walmart.com/8e88ed61-9453-4797-99b0-fd0a7cf90c02.jpeg,unacceptable,TRUE,Yes,True Positive,
6/18/2026,2.00015E+14,7d080452-ec70-4b39-83df-3288586ab1f3,http://images.delivery.walmart.com/14540d77-8250-407d-963d-764ab7ac43f5.jpeg,http://images.delivery.walmart.com/3ef6f5c0-cc4c-48b7-9f0d-b841c1a6b799.jpeg,acceptable,TRUE,Yes,True Positive,
6/18/2026,2.00015E+14,47db3fb4-7759-4413-a2a4-024291619f60,http://images.delivery.walmart.com/cd311128-41a6-42e1-baf9-c5577e76e455.jpeg,http://images.delivery.walmart.com/a1198ad2-89ea-483d-9907-28da17731e35.jpeg,acceptable,TRUE,Yes,True Positive,
6/18/2026,2.00015E+14,9babf64d-6478-4219-9809-04729da686f0,http://images.delivery.walmart.com/bb8d7da3-ad8e-490d-a184-591615a64aa4.jpeg,http://images.delivery.walmart.com/0312f1bf-c974-4c5b-907f-edc5cb15f898.jpeg,acceptable,TRUE,Yes,True Positive,
6/18/2026,2.00015E+14,2ff7d188-d7a2-4b7f-8938-d77efe2ac9e0,http://images.delivery.walmart.com/282aa178-2c8b-488f-b338-779b6b19aa62.jpeg,http://images.delivery.walmart.com/a2cdb526-5767-4aec-99a2-c07d060ba945.jpeg,acceptable,TRUE,Yes,True Positive,
6/18/2026,2.00015E+14,d5bbdd42-39bd-49cf-862e-12ece8f2ce38,http://images.delivery.walmart.com/756243f2-bf19-4a70-8ee5-d00638f27070.jpeg,http://images.delivery.walmart.com/ca5546c0-5b39-444f-b257-a1e412e7d43a.jpeg,acceptable,TRUE,Yes,True Positive,
6/18/2026,2.00015E+14,33eef9d0-fb85-4a65-8843-94c09d0e626b,http://images.delivery.walmart.com/cceddd9c-d1fd-42a4-932b-1c16cbef3773.jpeg,http://images.delivery.walmart.com/1e46405e-efc6-436c-a51e-3b94e5e2b8cf.jpeg,acceptable,TRUE,Yes,True Positive,
6/18/2026,2.00015E+14,e381d628-5468-4c39-ae71-452f3abeec55,http://images.delivery.walmart.com/c5408a16-b0c4-42fa-87e0-11092eda044b.jpeg,http://images.delivery.walmart.com/fa854e09-1c76-4065-92da-c9da22c82e78.jpeg,acceptable,TRUE,Yes,True Positive,
6/18/2026,2.00015E+14,71b1d42b-6ec6-4861-b4b3-38ed601fdec9,http://images.delivery.walmart.com/ee17451a-a7a4-4b26-b43e-9b84bc2da879.jpeg,http://images.delivery.walmart.com/02d72f29-dc3f-47a7-9352-e3cc5dd67bf9.jpeg,acceptable,TRUE,Yes,True Positive,
6/18/2026,2.00015E+14,5ebca391-763b-44af-8f7e-331bf85069d1,http://images.delivery.walmart.com/28d94d4e-b86c-42a3-b918-e61c8837723b.jpeg,http://images.delivery.walmart.com/c0bb5705-3cc9-4866-813e-3b7427fa9f61.jpeg,acceptable,TRUE,Yes,True Positive,
6/18/2026,2.00015E+14,991352c5-b061-45ac-b9e1-6908f2c92f39,http://images.delivery.walmart.com/d69412d5-193a-4c72-a233-e45342ae45d3.jpeg,http://images.delivery.walmart.com/fad4ce27-4afd-4e24-a55e-2cd3543e2c3d.jpeg,acceptable,TRUE,Yes,True Positive,
6/18/2026,2.00015E+14,8562d0ee-98d8-496d-a8cf-1b7476c58c86,http://images.delivery.walmart.com/c4852a28-d41e-487f-87d1-69c1b0a39c97.jpeg,http://images.delivery.walmart.com/0e94bc2e-b6b1-4fa1-832b-c6a01238485c.jpeg,acceptable,TRUE,Yes,True Positive,
6/18/2026,2.00015E+14,9f6526d8-df7b-4627-a99e-bdbdb5c233d0,http://images.delivery.walmart.com/9bda7a05-b48c-4559-8673-4afdcc06a935.jpeg,http://images.delivery.walmart.com/0c8dea3e-cd2d-4fd9-a4fb-7ef9975646c2.jpeg,acceptable,TRUE,No,False Positive,
6/18/2026,2.00015E+14,7410ed0b-448f-4585-8898-745418940e21,http://images.delivery.walmart.com/160ad139-1f53-4dce-8909-263b07ce6e11.jpeg,http://images.delivery.walmart.com/cf202fd4-72c6-49cd-89e6-fb3d739a9201.jpeg,acceptable,TRUE,Yes,True Positive,
6/18/2026,2.00015E+14,11ae236d-5b23-48b9-a635-23743063f0ac,http://images.delivery.walmart.com/223e3cac-26e0-464e-8418-bbc9d76a4480.jpeg,http://images.delivery.walmart.com/a7f29db3-d102-4eeb-96e5-347d9ba3080d.jpeg,acceptable,TRUE,No,False Positive,
6/18/2026,2.00015E+14,4d768ed5-8dfd-b023-543a-39b11ccd6723,http://images.delivery.walmart.com/50a80641-73f4-4847-9d2d-4f777e22552d.jpeg,http://images.delivery.walmart.com/dabfd05d-8af5-4aab-8040-4646865578f8.jpeg,acceptable,TRUE,Yes,True Positive,
6/18/2026,2.00015E+14,5f0db137-9689-4302-8b6b-9815f363aab5,http://images.delivery.walmart.com/b848ebdd-2b4e-4adf-9e98-0476856be537.jpeg,http://images.delivery.walmart.com/fd227daf-8bc8-428f-abd0-9eec8a69161f.jpeg,acceptable,TRUE,Yes,True Positive,
6/18/2026,2.00015E+14,59fd7a6f-f072-49e6-8d03-0c6f7c19894f,http://images.delivery.walmart.com/a8bad3b3-0ad0-4063-8f07-2259c1197f30.jpeg,http://images.delivery.walmart.com/6603ac52-7dd5-4f72-b267-e879896d08a8.jpeg,acceptable,TRUE,Yes,True Positive,
6/18/2026,2.00015E+14,9fca1fdd-de9f-4768-aa7f-8f2eb95c1027,http://images.delivery.walmart.com/1b6854a7-12b0-4793-ad26-c7314d4970fd.jpeg,http://images.delivery.walmart.com/00a3c269-d979-441b-9f86-f984f2860968.jpeg,acceptable,TRUE,Yes,True Positive,
6/18/2026,2.00015E+14,58deaa11-ce65-42c3-9044-fc83f9ce71ff,http://images.delivery.walmart.com/59cc1365-f9f2-485f-8841-ab6da3864dfb.jpeg,http://images.delivery.walmart.com/0ab098e4-2b76-4af1-943a-28937c87db7a.jpeg,unacceptable,TRUE,Yes,True Positive,
6/18/2026,2.00015E+14,ac371651-7e01-4922-a60f-22be2cf14d61,http://images.delivery.walmart.com/9c5c0253-76f2-47ca-a7a2-5bfa475e8822.jpeg,http://images.delivery.walmart.com/3948702d-b373-4f10-88bc-7dc9db38eb26.jpeg,acceptable,TRUE,Yes,True Positive,
6/18/2026,2.00015E+14,97f35a7b-f365-6067-6e56-2d2259c17de7,http://images.delivery.walmart.com/4e4ce89e-17a3-4915-a686-418c4be1d69f.jpeg,http://images.delivery.walmart.com/fc306c43-7663-49ec-bb47-e5199fa37d21.jpeg,acceptable,TRUE,Yes,True Positive,
6/18/2026,2.00015E+14,7e431b5a-e207-4c79-a8ed-ccf1b6a1a37a,http://images.delivery.walmart.com/2529dd94-8ff7-44e8-8056-0e83a8f0a0a8.jpeg,http://images.delivery.walmart.com/ba9d1554-2354-4a65-8c6a-b27c96ddae3d.jpeg,unacceptable,TRUE,Yes,True Positive,
6/18/2026,2.00015E+14,83a82a37-6d5e-4ac5-b97b-5a28e520549c,http://images.delivery.walmart.com/5362829a-e71e-49a3-ba20-a3c06f23418b.jpeg,http://images.delivery.walmart.com/422cb19e-684a-4476-b68b-cf78825ae36b.jpeg,acceptable,TRUE,Yes,True Positive,
6/18/2026,2.00015E+14,19975ed4-9636-49e5-9ef1-dd9929c68e44,http://images.delivery.walmart.com/19509a79-aa6d-4f56-af59-8e53de0b85d9.jpeg,http://images.delivery.walmart.com/2306f87e-35db-4c13-bc7c-520d2e67cf36.jpeg,acceptable,TRUE,Yes,True Positive,
6/18/2026,2.00015E+14,798e631a-ebc8-4865-b49b-29bb140b2e6d,http://images.delivery.walmart.com/6fba5e4f-06e7-443c-aee5-554d7dfb67e5.jpeg,http://images.delivery.walmart.com/40527d2e-15fe-4e35-9c6d-1cae637ba6de.jpeg,acceptable,TRUE,No,False Positive,
6/18/2026,2.00015E+14,bdae5233-acbe-4f4a-8b3d-3872e9525d36,http://images.delivery.walmart.com/1aaf3f09-3d86-4b4f-842d-d68dedb7bada.jpeg,http://images.delivery.walmart.com/a70733e5-7be8-43fa-8aff-016476a0d011.jpeg,acceptable,TRUE,Yes,True Positive,Not a real Human face
6/18/2026,2.00015E+14,8acbfd49-c323-4798-8595-40d8e4903b08,http://images.delivery.walmart.com/6f72e1e4-66ca-4aa3-9140-19ecd8668a1e.jpeg,http://images.delivery.walmart.com/3416544d-6ed5-4010-b5e3-518f52c4adf1.jpeg,acceptable,TRUE,No,False Positive,Paper towel
6/18/2026,2.00015E+14,070c7089-afa9-47f5-96b9-e64a9ef37c74,http://images.delivery.walmart.com/7e4dfe36-6aeb-4d35-9980-9fb3e09bae9d.jpeg,http://images.delivery.walmart.com/ee98d74c-7519-4418-9da3-ae143a022741.jpeg,acceptable,TRUE,No,False Positive,
6/18/2026,2.00015E+14,7ce1de33-d611-6ce0-9daa-3556b6b0e114,http://images.delivery.walmart.com/eb1f406d-c939-4283-91ef-ddeecebfd886.jpeg,http://images.delivery.walmart.com/030e329d-931b-4ffa-85e9-4248e7f03ace.jpeg,acceptable,TRUE,Yes,True Positive,
6/18/2026,2.00015E+14,c1062383-f547-41d6-baf8-201f55cbcb37,http://images.delivery.walmart.com/8aa08cbd-74bc-465e-b57b-732cd2871e34.jpeg,http://images.delivery.walmart.com/df181ef8-a055-4dc3-8b8b-8a0b4f836706.jpeg,acceptable,TRUE,Yes,True Positive,
6/18/2026,2.00015E+14,58de6eca-58f7-43b0-b772-c18145539c92,http://images.delivery.walmart.com/469c3305-7c9a-40cb-8ee8-138910e8a00f.jpeg,http://images.delivery.walmart.com/8ef1fa76-083f-4eb6-969f-c7a888143a0d.jpeg,acceptable,TRUE,Yes,True Positive,
6/18/2026,2.00015E+14,fe850478-5674-4acf-ada6-11b5fae7fc23,http://images.delivery.walmart.com/03499f27-fbdc-463b-8cc9-54c45a820082.jpeg,http://images.delivery.walmart.com/2fc40121-bdd9-4400-a4be-89d5d6bcf520.jpeg,acceptable,TRUE,Yes,True Positive,
6/18/2026,2.00015E+14,663532ae-c9cd-468a-c4ba-75645fca4cf8,http://images.delivery.walmart.com/7b5a9211-dfe4-46cc-9744-ff071bb6787c.jpeg,http://images.delivery.walmart.com/1ef48aad-4bbf-4ab6-92f4-864d2734e492.jpeg,acceptable,TRUE,Yes,True Positive,
6/18/2026,2.00015E+14,26ab79f4-87a7-49e7-998c-0645c49641e8,http://images.delivery.walmart.com/6afe7182-58d3-4016-9dd5-cb309f826b33.jpeg,http://images.delivery.walmart.com/82859a37-0768-4447-b2dc-b8f59e2088e5.jpeg,acceptable,TRUE,Yes,True Positive,
6/18/2026,2.00015E+14,647ea3f6-70ed-4ff2-9554-ca4d7060dfa7,http://images.delivery.walmart.com/dd750a70-bab1-4c0f-b4be-bc060cc9721c.jpeg,http://images.delivery.walmart.com/1f31cd10-4c8d-462a-b3b6-638fa74e9a63.jpeg,acceptable,TRUE,Yes,True Positive,
6/18/2026,2.00015E+14,c4088668-5ccc-4a70-b97b-0c0b299f5041,http://images.delivery.walmart.com/722f06b0-d2b2-4f6b-9246-bda0adb136c7.jpeg,http://images.delivery.walmart.com/e6747a78-236a-4485-95ab-356360604551.jpeg,acceptable,TRUE,Yes,True Positive,
6/18/2026,2.00015E+14,402025d2-48bd-458e-87b8-3677b2961648,http://images.delivery.walmart.com/c0bf19d8-3a32-4e8d-8bb2-b2e13d202132.jpeg,http://images.delivery.walmart.com/a030a43f-51c5-48f9-9841-445ec0f8c669.jpeg,acceptable,TRUE,Yes,True Positive,
6/18/2026,2.00015E+14,a1db7b11-ec6c-492a-8476-fe4fc3a70912,http://images.delivery.walmart.com/7429cd0a-2fa3-440d-9778-31aac945a9fc.jpeg,http://images.delivery.walmart.com/bf2d6f6e-2c43-45f5-9e3e-7550afd788a5.jpeg,acceptable,TRUE,Yes,True Positive,
6/18/2026,2.00015E+14,b790b2ad-e1c4-d161-6548-2f3978d946b7,http://images.delivery.walmart.com/cf954036-0cd9-4af3-8418-5ab0fa7a2ca3.jpeg,http://images.delivery.walmart.com/f056e38d-dc2f-4084-8f04-5acbaf697e6c.jpeg,acceptable,TRUE,No,False Positive,
6/18/2026,2.00015E+14,fc957483-ad81-4c31-9b6d-6225074387fe,http://images.delivery.walmart.com/ad4de6d3-357e-4947-938a-767780586c89.jpeg,http://images.delivery.walmart.com/447ae007-050d-41e5-8c60-6f03d681e721.jpeg,acceptable,TRUE,Yes,True Positive,
6/18/2026,2.00015E+14,bd426f05-4ce3-45b2-bd7f-903f924d678d,http://images.delivery.walmart.com/8e14175a-9119-4656-9ab8-e5d5afe0c3d2.jpeg,http://images.delivery.walmart.com/757da69e-adee-470e-b832-d99b1ced30e5.jpeg,acceptable,TRUE,Yes,True Positive,
6/18/2026,2.00015E+14,badb945d-80c0-490f-b7b3-1d1f4d3ef46b,http://images.delivery.walmart.com/b25e350d-8dad-48b2-84d0-46d937b9b8d1.jpeg,http://images.delivery.walmart.com/6473e7b6-1d88-4ac4-b711-7180a28c07cc.jpeg,acceptable,TRUE,Yes,True Positive,
6/18/2026,2.00015E+14,46d7299c-08dd-4375-ab2b-dc3b6f5d57b1,http://images.delivery.walmart.com/5202da28-d9d8-4694-8b7d-889a5b1cb23a.jpeg,http://images.delivery.walmart.com/7f5292d3-e056-4fd6-8d6e-91f5d2b5b78b.jpeg,acceptable,TRUE,No,False Positive,
6/18/2026,2.00015E+14,cb36cd44-131f-4651-a21e-ff103fc8ac40,http://images.delivery.walmart.com/53fecead-1540-41eb-86bf-ae7f039591d4.jpeg,http://images.delivery.walmart.com/c5b2bc67-ea7b-4a4d-a71a-0e3bbff2365b.jpeg,acceptable,TRUE,Yes,True Positive,
6/18/2026,2.00015E+14,b5da3a4a-44fa-4856-85ed-f44cef3d1488,http://images.delivery.walmart.com/656f111c-94ea-463a-b161-e5cd77c511e1.jpeg,http://images.delivery.walmart.com/93c70061-b433-4aee-a3ba-a968b2779454.jpeg,acceptable,TRUE,Yes,True Positive,
6/18/2026,2.00015E+14,4970afeb-0441-4bc3-b452-de04079caebf,http://images.delivery.walmart.com/949c847d-cea1-40eb-8d56-bf53c37e24d9.jpeg,http://images.delivery.walmart.com/30135597-ea24-4424-9a49-77d957fe13c8.jpeg,acceptable,TRUE,Yes,True Positive,
6/18/2026,2.00015E+14,47b9b004-0391-4515-8fcb-86a246a55d2f,http://images.delivery.walmart.com/3821320c-e7f4-4ade-b7b3-e96cf44c26b8.jpeg,http://images.delivery.walmart.com/f0cc83ea-8e84-4fd1-8cc5-687cbefca6d5.jpeg,acceptable,TRUE,Yes,True Positive,
6/18/2026,2.00015E+14,e8e8fc09-4abf-c74a-8967-c211ec100827,http://images.delivery.walmart.com/284bc4e3-b7f7-4d6a-b33f-99b5ad21b4de.jpeg,http://images.delivery.walmart.com/355cf034-a842-46be-8d7f-5b6c87cbde0d.jpeg,acceptable,TRUE,Yes,True Positive,
6/18/2026,2.00015E+14,83d2e5c1-48d9-423d-9a47-78bec66188fc,http://images.delivery.walmart.com/e5881396-18db-4f4a-8238-5e11408e0201.jpeg,http://images.delivery.walmart.com/25e3f22f-a6c0-41b3-9f3d-1b85bd325d5a.jpeg,acceptable,TRUE,Yes,True Positive,
6/18/2026,2.00015E+14,6d34b2a2-d856-4d14-827a-0dfe453b185d,http://images.delivery.walmart.com/3e801b4c-8cdb-4954-95b2-4a50631f61cc.jpeg,http://images.delivery.walmart.com/b761de11-d99b-4881-8059-c4d97036bccc.jpeg,acceptable,TRUE,Yes,True Positive,
6/18/2026,2.00015E+14,cb1b8fdd-e4f8-4ece-a239-382f84146df9,http://images.delivery.walmart.com/9cfe936b-7a05-41cf-b4c6-0fc4e372742f.jpeg,http://images.delivery.walmart.com/7e816bb9-8990-47ee-8fd0-b9b86a69c05f.jpeg,acceptable,TRUE,Yes,True Positive,
6/18/2026,2.00015E+14,c6ad92e5-c9ce-4fab-82a5-4bb82d4b9123,http://images.delivery.walmart.com/b2d554a0-5b74-4f69-ba81-dba788010310.jpeg,http://images.delivery.walmart.com/c5dd43b4-e5bb-4991-a8d6-a210c7e3e73c.jpeg,acceptable,TRUE,Yes,True Positive,
6/18/2026,2.00015E+14,6545d669-e64d-4fc0-b54b-0875af6871b1,http://images.delivery.walmart.com/f8cdb2c7-35d6-4d2e-9b7e-448c01be353b.jpeg,http://images.delivery.walmart.com/66217e75-a773-40a4-aa6f-79fa41202703.jpeg,acceptable,TRUE,Yes,True Positive,
6/18/2026,2.00015E+14,1e3520e7-42cc-4f51-aeb6-5889cf1f6a3c,http://images.delivery.walmart.com/455f8e48-9b5a-4dce-9e6c-8c1a45b6ed3f.jpeg,http://images.delivery.walmart.com/f2e6ab1a-2a7f-46f2-88e3-ba0712a31238.jpeg,acceptable,TRUE,Yes,True Positive,
6/18/2026,2.00015E+14,6f913998-5c6b-cff8-df32-3cec4e079c8f,http://images.delivery.walmart.com/f9cd1c19-c991-4959-ab2d-be7f6fdda882.jpeg,http://images.delivery.walmart.com/26604413-a31e-45de-acc0-3110c74d9cc9.jpeg,acceptable,TRUE,Yes,True Positive,
6/18/2026,2.00015E+14,99828af7-1175-457f-a80e-a680d7d97857,http://images.delivery.walmart.com/86e502fe-a151-485d-be55-5ca7226dd9eb.jpeg,http://images.delivery.walmart.com/d2ae0756-85e7-4fda-b2d5-5b5e8f825ddc.jpeg,acceptable,TRUE,Yes,True Positive,
6/18/2026,2.00015E+14,ebc4e309-cebe-4539-d750-ebfa8d65310c,http://images.delivery.walmart.com/04698ec1-ef24-4c46-a7f9-25782579ac7b.jpeg,http://images.delivery.walmart.com/7d0e9dba-2b7b-4135-afab-1f2ec6e6d689.jpeg,acceptable,TRUE,Yes,True Positive,
6/18/2026,2.00015E+14,05906677-65ea-4d84-8bc6-c51128f579c9,http://images.delivery.walmart.com/28b0370e-567c-42b0-ba77-49f2e1021b77.jpeg,http://images.delivery.walmart.com/4ee2872d-e08a-48c3-9bfd-11d50497ac90.jpeg,acceptable,TRUE,Yes,True Positive,
6/18/2026,2.00015E+14,04ce170a-a630-4996-ad29-41936c4c1b4d,http://images.delivery.walmart.com/4f97affd-bf49-4ca4-aca1-37e84180a492.jpeg,http://images.delivery.walmart.com/408e0b27-a29d-4eef-9cf4-5ee3d5aa1011.jpeg,acceptable,TRUE,Yes,True Positive,
6/18/2026,2.00015E+14,d01495e1-eede-441c-9840-76a1177a20c7,http://images.delivery.walmart.com/18becdf7-a36c-4cce-8a19-a51054252fc2.jpeg,http://images.delivery.walmart.com/0389d617-6ed7-46dd-b351-ee2c5322e9ac.jpeg,acceptable,TRUE,Yes,True Positive,
6/18/2026,2.00015E+14,c26993f8-8e51-48bf-bf02-24f869f3fa27,http://images.delivery.walmart.com/58bff8db-a8e5-45af-995f-e2cb9a0e2231.jpeg,http://images.delivery.walmart.com/68cbf8a5-5b87-4565-a33c-0d829b86744b.jpeg,acceptable,TRUE,Yes,True Positive,
6/18/2026,2.00015E+14,83d6479c-191a-4030-9bcb-bcbe3f6974a1,http://images.delivery.walmart.com/d70f848c-3b16-4486-ab74-bfa2663c6e43.jpeg,http://images.delivery.walmart.com/d8c1e864-6390-440f-b4b1-4b3622088c21.jpeg,acceptable,TRUE,Yes,True Positive,
6/18/2026,2.00015E+14,257c31e8-c3f9-46c8-b76f-08d3aa181d4c,http://images.delivery.walmart.com/11f3bf11-0c5d-48fb-8514-a91ab307a738.jpeg,http://images.delivery.walmart.com/b71ccd28-fd93-4bc9-988c-bded18e05edf.jpeg,acceptable,TRUE,Yes,True Positive,
6/18/2026,2.00015E+14,c1bf7a84-1a16-4179-b54c-ee24de22810e,http://images.delivery.walmart.com/30d9ca3c-3dd2-4e7e-82a2-234b93372c02.jpeg,http://images.delivery.walmart.com/23e7c507-3543-46ad-aefc-ac26372f2fe5.jpeg,acceptable,TRUE,Yes,True Positive,
6/18/2026,2.00015E+14,d39c7f1f-c841-49fa-b75d-2479b0f28e2b,http://images.delivery.walmart.com/982dbc9c-8177-4812-837d-5001b2068aeb.jpeg,http://images.delivery.walmart.com/78890319-1211-49c6-9c36-2dcb6e7ae7f8.jpeg,acceptable,TRUE,Yes,True Positive,
6/18/2026,2.00015E+14,f371a081-13a4-4b4a-9dc3-489ebeea890f,http://images.delivery.walmart.com/8028f6e5-8e64-44e6-9df6-16a7792a0839.jpeg,http://images.delivery.walmart.com/ce816183-1871-42a2-b3c3-3839cf7d7914.jpeg,acceptable,TRUE,Yes,True Positive,
6/18/2026,2.00014E+14,20d384bb-8af1-49df-9d8e-5ea6aaf8b188,http://images.delivery.walmart.com/d4d4c79a-ce48-46aa-8d5a-ba34124ce9b0.jpeg,http://images.delivery.walmart.com/267c3303-c207-49fd-ac40-8166417e158f.jpeg,acceptable,TRUE,Yes,True Positive,
6/18/2026,2.00015E+14,903cd872-4f4b-436d-8369-9120de8f328c,http://images.delivery.walmart.com/3e14ff45-f28a-4660-b523-a29de7f55632.jpeg,http://images.delivery.walmart.com/abcd2e4e-62be-48c1-a4d2-790dbf57c14a.jpeg,unacceptable,TRUE,Yes,True Positive,
6/18/2026,2.00015E+14,dbb7287c-469c-4c33-894c-db21d80270f2,http://images.delivery.walmart.com/0f35e0cd-5f79-4541-ae2e-0c7c38fc286c.jpeg,http://images.delivery.walmart.com/93215fd8-2188-4cd4-a086-a2c4ed405534.jpeg,acceptable,TRUE,Yes,True Positive,
6/18/2026,2.00015E+14,7c466fe5-66b2-419d-a115-8ebaac1a35ac,http://images.delivery.walmart.com/8dae2cf1-e58f-44d8-9f55-fb30eee4ea98.jpeg,http://images.delivery.walmart.com/9fe58ebc-6ac1-4b9b-87f6-d59e51b994e3.jpeg,acceptable,TRUE,Yes,True Positive,
6/18/2026,2.00015E+14,03dddaa2-4d8c-420c-b88e-8ae55bdfe9fe,http://images.delivery.walmart.com/b4916ff8-ab70-4014-8a54-f009034b14c3.jpeg,http://images.delivery.walmart.com/06bec45d-d00a-4535-ae3a-06c4c9081b2f.jpeg,acceptable,TRUE,Yes,True Positive,
6/18/2026,2.00015E+14,765d331f-f5e9-1826-e184-9ce9c1852d8a,http://images.delivery.walmart.com/8da77dfa-f78d-4fbb-9350-35648cb5063a.jpeg,http://images.delivery.walmart.com/aff5d465-a876-4800-a2e0-9b7d4a3b097c.jpeg,acceptable,TRUE,Yes,True Positive,
6/18/2026,2.00015E+14,2e099959-5cd4-4f51-b42b-5adc5cbae820,http://images.delivery.walmart.com/a5f4c9ff-871d-4b9f-8b74-ab9637c8bff3.jpeg,http://images.delivery.walmart.com/7d4f90c7-42cd-4ee0-8726-d74e05eac9de.jpeg,acceptable,TRUE,Yes,True Positive,
6/18/2026,2.00015E+14,9e319dbd-0341-4193-a8fe-c24791e9e671,http://images.delivery.walmart.com/8d2edc82-2ae4-46e9-ac23-9cf01ecb1264.jpeg,http://images.delivery.walmart.com/2b199125-9cf0-4c7f-a9cc-de0db62e9f6a.jpeg,acceptable,TRUE,Yes,True Positive,
6/18/2026,2.00015E+14,118d3ad3-4b4e-48d2-8ee8-f931e8ac4974,http://images.delivery.walmart.com/60407c9f-dd4c-482e-bc4c-ccb25ae1f47f.jpeg,http://images.delivery.walmart.com/82cf0718-7342-449e-9888-6d42d2e27119.jpeg,acceptable,TRUE,Yes,True Positive,
6/18/2026,2.00015E+14,fe561623-62f8-47f1-8349-dfccfa5a2f4e,http://images.delivery.walmart.com/5c541e71-635a-4f1e-83cd-efc94aa7dfdb.jpeg,http://images.delivery.walmart.com/44d40e64-7941-485d-ac46-dbd4586dea00.jpeg,acceptable,TRUE,Yes,True Positive,
6/18/2026,2.00015E+14,cef4fc7a-61ac-4117-bdbe-767ee7e4a356,http://images.delivery.walmart.com/669b5614-edc1-44a3-bb8a-5ff45ef65d4d.jpeg,http://images.delivery.walmart.com/3fc2877e-6876-43a7-a144-df7c4958c68f.jpeg,acceptable,TRUE,Yes,True Positive,
6/18/2026,2.00015E+14,85a807bd-a1a9-43cc-aac4-0d7719c1231c,http://images.delivery.walmart.com/0f3b07a3-4929-4b45-a6d9-bf6c7f0dda32.jpeg,http://images.delivery.walmart.com/34bee12a-4a56-451b-a0f0-448824a0c0df.jpeg,acceptable,TRUE,Yes,True Positive,
6/18/2026,2.00015E+14,b85433fa-bbc5-21a8-ccd9-32db82e2590e,http://images.delivery.walmart.com/2f5e2aaa-a60a-4ffb-b3ca-86a61d74d503.jpeg,http://images.delivery.walmart.com/1c7e2bb0-bea6-4054-b5b4-54d8706cd8bb.jpeg,acceptable,TRUE,No,False Positive,
6/18/2026,2.00015E+14,ea245cc9-8a37-42f3-b0c0-1f0d301f0370,http://images.delivery.walmart.com/04018816-aa19-4cfa-89db-3eef889ca583.jpeg,http://images.delivery.walmart.com/444cded6-c4db-4b3c-8ae7-002a07b73842.jpeg,acceptable,TRUE,Yes,True Positive,
6/18/2026,2.00015E+14,fd2fb4dd-adac-41f6-93b9-811060e22a23,http://images.delivery.walmart.com/52abb3b7-8d0d-4b20-82d1-3b94dbd96398.jpeg,http://images.delivery.walmart.com/f374f734-f577-4385-91b5-5c518171718d.jpeg,acceptable,TRUE,Yes,True Positive,
6/18/2026,2.00015E+14,b02bd5fb-91af-c0dd-a67f-497a66bd3a3b,http://images.delivery.walmart.com/3d55ca7c-990b-4a0f-8259-3e71db29e69f.jpeg,http://images.delivery.walmart.com/addd49e8-ff11-4228-9fbd-48a8c87cf130.jpeg,acceptable,TRUE,No,False Positive,
6/18/2026,2.00015E+14,6235a39c-14bd-4c8c-a449-81e7e7b03583,http://images.delivery.walmart.com/1d644fdc-3a45-4cfa-a13f-644d96b7dbed.jpeg,http://images.delivery.walmart.com/f5d4d4f0-9898-45a2-8282-27d8e01edefd.jpeg,unacceptable,TRUE,Yes,True Positive,
6/18/2026,2.00015E+14,b26a9aab-5cd6-b317-4044-e6a0654423ec,http://images.delivery.walmart.com/9d80696e-7eeb-4258-aa32-e5b8452aa96d.jpeg,http://images.delivery.walmart.com/585da53c-e79a-483a-86d5-46de34d4dd4f.jpeg,acceptable,TRUE,Yes,True Positive,
6/18/2026,2.00015E+14,c7fd4d1f-44d8-44a8-bc52-c7b5d1645817,http://images.delivery.walmart.com/03bbd6e7-ac2a-4964-b1a0-3a7f8a8844f2.jpeg,http://images.delivery.walmart.com/8f258a68-77a8-48cf-9cc2-a7bd3d23c049.jpeg,acceptable,TRUE,Yes,True Positive,
6/18/2026,2.00015E+14,ee22eb2c-3797-4c06-8f63-05b9424978ba,http://images.delivery.walmart.com/78184f3d-e460-4211-a610-ddc2171e56a3.jpeg,http://images.delivery.walmart.com/33f0175a-058e-46d7-a8fe-06dc861f28c8.jpeg,acceptable,TRUE,Yes,True Positive,
6/18/2026,2.00015E+14,c2dacaae-2533-4812-9a43-677f2926cf76,http://images.delivery.walmart.com/202a52fc-ca3d-4263-bd59-8e9c73ecbd27.jpeg,http://images.delivery.walmart.com/2dfa529b-5414-4419-8f58-a183f51e8b9a.jpeg,acceptable,TRUE,Yes,True Positive,
6/18/2026,2.00015E+14,6b99e804-33d6-4a7b-893e-ee4397803169,http://images.delivery.walmart.com/3d749562-d23b-46f5-98c3-5373deed1b46.jpeg,http://images.delivery.walmart.com/b0297f55-ceaa-49d2-8093-2ec4cf173f63.jpeg,acceptable,TRUE,Yes,True Positive,
6/18/2026,2.00015E+14,835b296a-72c8-4457-b9aa-93ce21369e41,http://images.delivery.walmart.com/95105b0d-97c5-4216-88ba-7cb872bc5149.jpeg,http://images.delivery.walmart.com/0bb3a668-d9ee-4848-bb0f-b19fe34dc4b3.jpeg,unacceptable,TRUE,Yes,True Positive,
6/18/2026,2.00015E+14,6361cca2-40b9-434e-9678-afe4076c7262,http://images.delivery.walmart.com/ce7db19f-094c-4cb6-9df3-0827a232bc9f.jpeg,http://images.delivery.walmart.com/1273c8d0-5d5d-499b-9849-9eb6264657cf.jpeg,acceptable,TRUE,Yes,True Positive,
6/18/2026,2.00015E+14,b214c99a-e8b0-436a-982e-bbacde8a1864,http://images.delivery.walmart.com/886392a8-1798-47dd-8d9f-04cbdb53143f.jpeg,http://images.delivery.walmart.com/c7e0db20-8c13-4535-a98e-2c92de5b7b67.jpeg,unacceptable,TRUE,Yes,True Positive,
6/18/2026,2.00015E+14,2a737a8f-705b-4afa-8f3d-89fdaf2804a3,http://images.delivery.walmart.com/8eb9ba55-3084-478f-8493-984fd43c7a36.jpeg,http://images.delivery.walmart.com/57fe8725-9c2d-46b5-a0d9-ea971ab8b306.jpeg,acceptable,TRUE,Yes,True Positive,
6/18/2026,2.00015E+14,645ef2a5-6815-3020-d30b-0fa52f3f7e73,http://images.delivery.walmart.com/e8ba1ea3-8599-45ed-8829-54316a745faa.jpeg,http://images.delivery.walmart.com/b38bcb9b-9c4b-4464-8e29-70368199687b.jpeg,acceptable,TRUE,Yes,True Positive,
6/18/2026,2.00015E+14,7559a0bd-b2b9-4240-916e-bc2ffb1630a3,http://images.delivery.walmart.com/4e0f7378-efb1-446e-8967-aa519d0cb778.jpeg,http://images.delivery.walmart.com/4b01bb1d-9278-4784-8061-0c1763491cad.jpeg,acceptable,TRUE,Yes,True Positive,
6/18/2026,2.00015E+14,ef1e68cf-6b80-4e48-9864-f0138fac345c,http://images.delivery.walmart.com/9d4eb284-f62e-48bf-b94b-7f21528453be.jpeg,http://images.delivery.walmart.com/748c505d-8654-49be-85ca-18382cf33278.jpeg,acceptable,TRUE,Yes,True Positive,
6/18/2026,2.00015E+14,bd342e20-71c9-4850-9cd6-d0dc2a8f3a1a,http://images.delivery.walmart.com/34c25dce-0824-44c7-b802-ff488a88fc4f.jpeg,http://images.delivery.walmart.com/9691c50e-e2b7-4daf-a7a0-cda3ed9b09fc.jpeg,acceptable,TRUE,Yes,True Positive,
6/18/2026,2.00015E+14,70d03cab-4dce-45c5-a8da-04bb4554a8a6,http://images.delivery.walmart.com/0fc0fd32-d817-40b9-b5ab-5617b90fd640.jpeg,http://images.delivery.walmart.com/80e6b6a7-ef23-412d-a525-f7d9b424857b.jpeg,acceptable,TRUE,Yes,True Positive,
6/18/2026,2.00015E+14,c6a898b7-5e08-4a52-ad28-3f4ca25b7b44,http://images.delivery.walmart.com/c78d972f-2a45-4b34-b014-95cc9b826188.jpeg,http://images.delivery.walmart.com/fc28477e-e20e-4b25-9c12-5fde2bfe87e0.jpeg,acceptable,TRUE,Yes,True Positive,
6/18/2026,2.00015E+14,ec241cac-80c7-42f9-b6ca-4dddc3c6a1a3,http://images.delivery.walmart.com/9f09f51b-7a62-4301-8b52-bfc445e1934a.jpeg,http://images.delivery.walmart.com/2a48a087-c4b8-45f3-95ef-17602c027552.jpeg,acceptable,TRUE,Yes,True Positive,
6/18/2026,2.00015E+14,55d6415f-b393-4f28-b4fb-018d01b07d83,http://images.delivery.walmart.com/fc124f5d-ea3f-43b3-9715-a3942633d428.jpeg,http://images.delivery.walmart.com/63971ba6-2dbf-43a2-a5d3-b48e28f2106e.jpeg,acceptable,TRUE,No,False Positive,
6/18/2026,2.00015E+14,07b77624-3efc-4e91-aadb-d937b9ab809d,http://images.delivery.walmart.com/a78663f9-226b-4e65-87be-bc8ce96b8e1d.jpeg,http://images.delivery.walmart.com/c623151f-de97-45b6-9ed1-c469775926d7.jpeg,acceptable,TRUE,No,False Positive,
6/18/2026,2.00015E+14,217bc54a-fb42-4500-9568-954e1d28e792,http://images.delivery.walmart.com/bd0c2c65-aa4f-4928-bf54-ff2f5e9003f6.jpeg,http://images.delivery.walmart.com/38eff2e7-732a-46b0-b0f4-9787f32d1fc2.jpeg,acceptable,TRUE,Yes,True Positive,
6/18/2026,2.00015E+14,54a6ecb2-3ae4-49f4-99be-bf53e1e74416,http://images.delivery.walmart.com/2a584c21-35de-4d02-acef-951e2a9c665f.jpeg,http://images.delivery.walmart.com/a3a2194c-9d8e-4bde-9f6d-d1c3f9ff441b.jpeg,acceptable,TRUE,Yes,True Positive,
6/18/2026,2.00015E+14,efa10001-ee39-5679-8b2b-43474b58c1e7,http://images.delivery.walmart.com/d55b8184-20b7-42c9-b4e1-d20e72fd8fa9.jpeg,http://images.delivery.walmart.com/2aace4bc-2ba2-4393-88a9-1678d6c587a4.jpeg,acceptable,TRUE,Yes,True Positive,
6/18/2026,2.00015E+14,d7977cb7-0846-fb79-08f5-98d662207cb9,http://images.delivery.walmart.com/bcae991e-d9ce-4555-8691-6846bfcdc8df.jpeg,http://images.delivery.walmart.com/835f47ad-de3d-41d2-ac87-1851d6c62a89.jpeg,acceptable,TRUE,Yes,True Positive,
6/18/2026,2.00015E+14,b93de7ec-6652-4b36-b7de-5d73bd43964b,http://images.delivery.walmart.com/55aced48-c327-4fa2-bf36-77a135dae3bf.jpeg,http://images.delivery.walmart.com/c390644a-09b4-41f5-8e1e-9ff0b48c16da.jpeg,acceptable,TRUE,Yes,True Positive,
6/18/2026,2.00015E+14,f192bcd9-932b-47b4-9b13-b45e5e24de83,http://images.delivery.walmart.com/b1263029-8c0a-4a7f-8c31-e5e6d2a2671e.jpeg,http://images.delivery.walmart.com/4fd9ae61-27e4-49ba-82a3-91de5bf8c3b7.jpeg,acceptable,TRUE,Yes,True Positive,
6/18/2026,2.00015E+14,639cf5d9-fc91-4d6c-87fb-b123a2d49056,http://images.delivery.walmart.com/3d389372-80f8-4de1-8c0d-d8245d335134.jpeg,http://images.delivery.walmart.com/e51a6251-3c7a-4e96-ace1-87347a342817.jpeg,acceptable,TRUE,Yes,True Positive,
6/18/2026,2.00015E+14,41128cad-81da-093f-a4c5-139996f580d2,http://images.delivery.walmart.com/23ba7f8c-deea-429d-a2a8-710c915d17bc.jpeg,http://images.delivery.walmart.com/8ba340fa-1981-4c5a-af75-d48c4f1fdd6c.jpeg,acceptable,TRUE,Yes,True Positive,
6/18/2026,2.00015E+14,80ea4dba-2b69-4c42-80e1-475a018e8d14,http://images.delivery.walmart.com/a50f6176-409a-4d46-bc11-4696cd9a0129.jpeg,http://images.delivery.walmart.com/c8094fd6-2cae-4d37-af22-c238136b7fe7.jpeg,acceptable,TRUE,Yes,True Positive,
6/18/2026,2.00015E+14,c2af2a37-d5e0-40b0-a6b2-c29a91aaed87,http://images.delivery.walmart.com/9e991f44-2453-4745-8624-5e185f1f843d.jpeg,http://images.delivery.walmart.com/c221134e-ba83-46f9-ae6c-486fd9c9932d.jpeg,acceptable,TRUE,Yes,True Positive,
6/18/2026,2.00015E+14,92c4c17d-d764-4e72-aa66-46c287621dec,http://images.delivery.walmart.com/ab0fc6f4-51ba-41cd-ac51-f92ebfc5dc3f.jpeg,http://images.delivery.walmart.com/7a24ebde-b5c7-4e75-b3fd-ff85a757d5b1.jpeg,acceptable,TRUE,Yes,True Positive,
6/18/2026,2.00015E+14,63901dee-ca40-4bab-988e-d4de170d31d9,http://images.delivery.walmart.com/7f4ffd20-3520-4b5c-aeb8-029ac3204115.jpeg,http://images.delivery.walmart.com/ef332c9b-3a53-4b43-99ac-05543b57f8ab.jpeg,acceptable,TRUE,Yes,True Positive,
6/18/2026,2.00015E+14,ab042a4e-aef0-5d95-7a4e-0786d6e5eb13,http://images.delivery.walmart.com/58c9aedf-2faa-49be-8a02-805032fcb8ca.jpeg,http://images.delivery.walmart.com/3a891730-23ff-44b2-b5e4-e9b013d4a51d.jpeg,acceptable,TRUE,Yes,True Positive,
6/18/2026,2.00015E+14,3b04e50a-9286-49c2-83c8-d283005498cb,http://images.delivery.walmart.com/1a3e5845-f01c-41b8-a754-27e08538e95e.jpeg,http://images.delivery.walmart.com/33b43897-6171-4bde-a853-52e70195a9b9.jpeg,acceptable,TRUE,Yes,True Positive,
6/18/2026,2.00015E+14,aea9e330-87b1-46d1-9bdf-dfe07fd0bc89,http://images.delivery.walmart.com/6ba9509f-ccaa-4ebe-9a15-69f50e396b3e.jpeg,http://images.delivery.walmart.com/fe2b1994-166f-4b4c-a77a-09b42054fcd6.jpeg,acceptable,TRUE,Yes,True Positive,
6/18/2026,2.00015E+14,d1379344-0751-8d44-e001-c812d37e9f1f,http://images.delivery.walmart.com/e8d001ef-4cd0-4908-8d8a-0118f356024e.jpeg,http://images.delivery.walmart.com/1ade5155-4bba-4b66-b20c-005a0bb8e7b4.jpeg,acceptable,TRUE,Yes,True Positive,
6/18/2026,2.00015E+14,7379950a-49aa-442a-a225-2f7373317a6a,http://images.delivery.walmart.com/bd8d0132-d3be-435f-92f9-8888e94f329f.jpeg,http://images.delivery.walmart.com/2b5ec7fb-88c7-4057-b6c0-d36911939455.jpeg,acceptable,TRUE,No,False Positive,
6/18/2026,2.00015E+14,497cfe82-71c0-4dbb-81d6-73c5f44171c4,http://images.delivery.walmart.com/2d1031b1-4720-4ce3-97d0-b7a4bca362b2.jpeg,http://images.delivery.walmart.com/58c0acff-c2aa-46b3-a6b4-e1e9410bf5f5.jpeg,acceptable,TRUE,Yes,True Positive,
6/18/2026,2.00015E+14,e59a5529-cf2d-4b95-bb94-7686c01e8775,http://images.delivery.walmart.com/72cd5047-bfdf-4b9b-aeca-5934696089dd.jpeg,http://images.delivery.walmart.com/34924099-dc41-4cda-9f6d-25b44724392e.jpeg,acceptable,TRUE,Yes,True Positive,
6/18/2026,2.00015E+14,3c09b257-cc02-189e-5f79-c0685abf1b4d,http://images.delivery.walmart.com/df291a43-7363-40f7-b943-30d8a051e260.jpeg,http://images.delivery.walmart.com/a9d62812-ad3a-4f47-b780-82bb2fd23837.jpeg,acceptable,TRUE,Yes,True Positive,
6/18/2026,2.00015E+14,6faede3d-9e81-ad4a-fe34-75bc2023c7ac,http://images.delivery.walmart.com/9e1eb1a6-0769-41bd-841e-03ddd2f527bb.jpeg,http://images.delivery.walmart.com/a01ab71e-2dea-4cb5-8b77-74467355b69f.jpeg,acceptable,TRUE,Yes,True Positive,
6/18/2026,2.00015E+14,032fac56-ebe7-7fd9-dcf5-072712daffc7,http://images.delivery.walmart.com/30c4822e-9f4d-462c-982e-125b78dc2a34.jpeg,http://images.delivery.walmart.com/b6a7d125-513d-46f8-98f0-4dc8d24f0ad7.jpeg,unacceptable,TRUE,Yes,True Positive,
6/18/2026,2.00015E+14,49c9878a-35ef-4559-b4bb-44b126e0c673,http://images.delivery.walmart.com/edd179d7-5c8a-437d-8007-a7599fbe162f.jpeg,http://images.delivery.walmart.com/563b4357-fd05-4c47-bc29-00f95475880e.jpeg,acceptable,TRUE,Yes,True Positive,
6/18/2026,2.00015E+14,91d25cff-c969-4539-b863-3fb8ba3a5603,http://images.delivery.walmart.com/4d2f8aac-c5f8-4a4d-884a-e3e87a441d48.jpeg,http://images.delivery.walmart.com/daa5a581-1833-429f-9535-9786e605be9e.jpeg,acceptable,TRUE,Yes,True Positive,
6/18/2026,2.00015E+14,df516665-70b5-5226-65fd-a3aefeaee687,http://images.delivery.walmart.com/03d674e7-420c-4d2b-86d3-1ceba18cfc5f.jpeg,http://images.delivery.walmart.com/fd593f9f-60e1-4a44-a266-1b66c5ca14d4.jpeg,acceptable,TRUE,Yes,True Positive,
6/18/2026,2.00015E+14,628dec97-fb8a-9d74-0db6-1e61799877b9,http://images.delivery.walmart.com/4ef81847-9e3c-4b61-acaa-dcc741a8836a.jpeg,http://images.delivery.walmart.com/06935311-0da9-43e9-b356-ea2aa465608a.jpeg,unacceptable,TRUE,Yes,True Positive,
6/18/2026,2.00015E+14,12355950-43ba-4ca4-9a09-2ba4339320a5,http://images.delivery.walmart.com/d99f6c30-dd91-4e17-a12d-774ebcf1ff50.jpeg,http://images.delivery.walmart.com/90711a6f-fb56-4ce3-bada-5d6897750ec9.jpeg,acceptable,TRUE,Yes,True Positive,
6/18/2026,2.00015E+14,b32b87af-d7d4-47e9-9243-40264d5873b7,http://images.delivery.walmart.com/8d1b7881-dae4-4272-8d4a-0ccb3b59cc14.jpeg,http://images.delivery.walmart.com/2cedca46-5693-4fa0-adee-47c995578f23.jpeg,acceptable,TRUE,Yes,True Positive,
6/18/2026,2.00015E+14,4528471d-49dc-4c3c-b627-dfe8e3c3dc64,http://images.delivery.walmart.com/764b6500-ec23-4b30-b9a7-b7bea65ce056.jpeg,http://images.delivery.walmart.com/f6283be7-c705-4ee0-be45-35e4afdb2ec4.jpeg,acceptable,TRUE,Yes,True Positive,
6/18/2026,2.00015E+14,8ffc7e50-e4ac-4d06-84f6-67d7d15076ba,http://images.delivery.walmart.com/a04092bb-45d8-406a-8d6d-858e795ac5bc.jpeg,http://images.delivery.walmart.com/31fa83ea-e630-46ba-a520-6ea7eecc5b8f.jpeg,acceptable,TRUE,Yes,True Positive,
6/18/2026,2.00015E+14,fbe2b191-7481-4580-89cc-63704fd5e7b2,http://images.delivery.walmart.com/c17bd90d-d219-471f-813e-48614ef0ec12.jpeg,http://images.delivery.walmart.com/cf3a6703-5f8d-486f-ae7c-ac107ea07d9a.jpeg,acceptable,TRUE,Yes,True Positive,
6/18/2026,2.00015E+14,85096deb-dadb-6ad9-6e38-5586d55b467a,http://images.delivery.walmart.com/fbe61a2e-9afb-44aa-b027-d75c6f2d10f7.jpeg,http://images.delivery.walmart.com/30ad16b6-b2b2-4b01-bcee-fb285528308b.jpeg,acceptable,TRUE,Yes,True Positive,
6/18/2026,2.00015E+14,bb97e412-85d4-4060-8c76-d954d4a57e43,http://images.delivery.walmart.com/f4077354-5422-451f-b4e8-67fe5d528592.jpeg,http://images.delivery.walmart.com/168e9bbc-af25-4929-bb3d-0c6569cd921d.jpeg,unacceptable,TRUE,No,False Positive,
6/18/2026,2.00015E+14,c59b26e4-cc8a-44a0-8fbd-9d59500c243d,http://images.delivery.walmart.com/1623c623-9553-4450-92f9-ef0f33a5fdb6.jpeg,http://images.delivery.walmart.com/94f86d1d-cc16-4d92-a3c1-ddd9b5cba7f5.jpeg,acceptable,TRUE,Yes,True Positive,
6/18/2026,2.00015E+14,4884d09c-5192-4d54-bef4-0020927b9557,http://images.delivery.walmart.com/24db874f-6801-4655-8331-6bb39c11bd11.jpeg,http://images.delivery.walmart.com/3c607176-41ac-4c56-ab6b-d662e6e93737.jpeg,acceptable,TRUE,Yes,True Positive,
6/18/2026,2.00015E+14,4aa1c95a-1ba9-4f1a-94e1-48f72bf53509,http://images.delivery.walmart.com/22d1cc15-f6d2-412f-83a2-365b52350217.jpeg,http://images.delivery.walmart.com/886030cc-942f-44cc-bded-fc0eca7692d6.jpeg,acceptable,TRUE,Yes,True Positive,
6/18/2026,2.00015E+14,04cce472-5b25-4e1a-afa4-0122a841a54c,http://images.delivery.walmart.com/15cf7fe6-8a0c-4427-aefb-0a95ae42ecf7.jpeg,http://images.delivery.walmart.com/2c333443-da8a-44dd-8909-3cf2b69d9adf.jpeg,acceptable,TRUE,Yes,True Positive,
6/18/2026,2.00015E+14,63d230a8-285b-482d-835f-f067fe76edd8,http://images.delivery.walmart.com/8474567d-7667-4c4a-98c6-708e87c8bf2e.jpeg,http://images.delivery.walmart.com/ed0c0e3a-2be1-4833-9ccd-eed2009514cd.jpeg,acceptable,TRUE,Yes,True Positive,
6/18/2026,2.00015E+14,12686e0b-5cd1-b534-acd4-2026c4289e3f,http://images.delivery.walmart.com/fa7e4feb-1c0c-44a5-a19d-40ff49b0d56f.jpeg,http://images.delivery.walmart.com/b165c842-9353-42f6-884f-671b173311c1.jpeg,acceptable,TRUE,Yes,True Positive,
6/18/2026,2.00015E+14,ee2af88b-854c-09f0-4cab-02f41d5f939c,http://images.delivery.walmart.com/e85b4d29-0332-4cac-8daa-e6b9341c57e3.jpeg,http://images.delivery.walmart.com/e4540955-19f9-444c-864a-0058e769d014.jpeg,unacceptable,TRUE,Yes,True Positive,
6/18/2026,2.00015E+14,863457ef-426b-4deb-95b1-7a7308c6146e,http://images.delivery.walmart.com/88e21856-9d50-4d7c-b79f-d58043d9464d.jpeg,http://images.delivery.walmart.com/bc8eff5f-3e18-4c08-b1e1-087f1f42d8ac.jpeg,acceptable,TRUE,No,False Positive,
6/18/2026,2.00015E+14,edb66836-bec8-4c51-9f50-c3113d283773,http://images.delivery.walmart.com/ab85eb74-91ae-4a49-8291-400e8611cbc6.jpeg,http://images.delivery.walmart.com/f58ca788-f8c7-4ac8-830f-bf0f330f422b.jpeg,acceptable,TRUE,Yes,True Positive,
6/18/2026,2.00015E+14,0bf95b4b-d93d-420a-bf51-b431b0b1667f,http://images.delivery.walmart.com/cb57e3ab-23d0-4e91-be6d-75feef1f0630.jpeg,http://images.delivery.walmart.com/f674c252-7859-4513-861f-90332cfc7dcb.jpeg,acceptable,TRUE,No,False Positive,
6/18/2026,2.00015E+14,0ee648f2-8cbf-4965-873c-d9799246d9c2,http://images.delivery.walmart.com/650eb4a4-2ca7-45d9-ab24-76b15279974c.jpeg,http://images.delivery.walmart.com/801e83c3-f437-4dd1-b73f-733094ebb716.jpeg,acceptable,TRUE,Yes,True Positive,
6/18/2026,2.00015E+14,1b9a8d8f-d8ec-407e-bf74-ef8e79b5bb61,http://images.delivery.walmart.com/c29d1070-9009-49f7-b3fc-383284314482.jpeg,http://images.delivery.walmart.com/1cc3163d-8b26-4c20-9597-a4c838513e10.jpeg,acceptable,TRUE,Yes,True Positive,
6/18/2026,2.00015E+14,b0a5717d-bbe8-be15-9f3f-460c71b4375d,http://images.delivery.walmart.com/42c001f8-b742-46e9-a822-9e237186c579.jpeg,http://images.delivery.walmart.com/a752f7ff-c94b-461f-8de8-dfbd67db1ba2.jpeg,acceptable,TRUE,Yes,True Positive,
6/18/2026,2.00015E+14,fae1aa76-32e9-4094-9ab1-39815b47fe0a,http://images.delivery.walmart.com/35689fbf-63d8-41c2-a0ad-d9775c2bb139.jpeg,http://images.delivery.walmart.com/751d40e4-8d10-4c25-a167-2fe28f4c5f01.jpeg,acceptable,TRUE,Yes,True Positive,
6/18/2026,2.00015E+14,33329b4a-1720-48ad-95f6-3ce4829de9f8,http://images.delivery.walmart.com/e7aa8dbd-dbd3-4bfc-aa82-3da93e678862.jpeg,http://images.delivery.walmart.com/845a6842-4638-4c44-b4c4-a535d3931b0e.jpeg,acceptable,TRUE,Yes,True Positive,
6/18/2026,2.00015E+14,cdcbaa94-6d45-4b21-9740-c79c39aaf535,http://images.delivery.walmart.com/b03f1aa1-bb90-4135-8835-91f7f5e1b585.jpeg,http://images.delivery.walmart.com/31c77503-64ef-4747-bea9-4b96b4696693.jpeg,acceptable,TRUE,Yes,True Positive,
6/18/2026,2.00015E+14,c0c747f2-bb17-4e39-8f88-4186d1487638,http://images.delivery.walmart.com/e7139e7a-573b-4a08-9cc6-0bfd469f5b61.jpeg,http://images.delivery.walmart.com/36677381-3267-405c-b475-ce016552b299.jpeg,acceptable,TRUE,Yes,True Positive,
6/18/2026,2.00015E+14,634e5b4e-6c0f-4d79-9742-daa7904cfc2f,http://images.delivery.walmart.com/9a99f6cd-f95a-4549-8876-26b8f544a174.jpeg,http://images.delivery.walmart.com/bcf85f48-3698-4dd4-8116-2d1b1d19b8ed.jpeg,acceptable,TRUE,Yes,True Positive,
6/18/2026,2.00015E+14,4655ebce-fd03-4bd6-8643-efc1426087ee,http://images.delivery.walmart.com/f4146327-e304-4b61-8a29-26dbcc0fb1be.jpeg,http://images.delivery.walmart.com/608c48fa-eedd-4cb8-9e83-4078efde54df.jpeg,acceptable,TRUE,Yes,True Positive,
6/18/2026,2.00015E+14,64e71153-a157-4524-b5dc-9f35829ecf7a,http://images.delivery.walmart.com/dd1cd60a-1e5a-4dda-b63f-0f2a1748b176.jpeg,http://images.delivery.walmart.com/e10bbbb3-9dc0-4ca2-a08d-cf84a105f174.jpeg,acceptable,TRUE,Yes,True Positive,
6/18/2026,2.00015E+14,35e65f9e-fbff-cd6a-c1d8-4d04350065da,http://images.delivery.walmart.com/e3d28387-c027-4fac-8c3e-d5cfc5c10c98.jpeg,http://images.delivery.walmart.com/ccaf9d27-c349-491a-8a0c-2db682ac9142.jpeg,acceptable,TRUE,Yes,True Positive,
6/18/2026,2.00015E+14,bbf506c7-f315-14cd-9fbe-e0895e91105a,http://images.delivery.walmart.com/c5baa483-5415-4871-9f0a-b43494666640.jpeg,http://images.delivery.walmart.com/b4a359a0-a441-4d3d-a0d9-4f1d6857e06f.jpeg,acceptable,TRUE,Yes,True Positive,
6/18/2026,2.00015E+14,b8f3808d-301a-4267-9aed-c375b6846414,http://images.delivery.walmart.com/5f97a92f-1e1f-4c9d-83b7-cff16a51ff6e.jpeg,http://images.delivery.walmart.com/2542301e-0a90-4901-a28b-98b9615bb631.jpeg,acceptable,TRUE,Yes,True Positive,
6/18/2026,2.00015E+14,c3deb143-bb9e-4932-aa31-3ab1099359a6,http://images.delivery.walmart.com/d6291069-0769-4a4c-a805-8d5a7f7eb785.jpeg,http://images.delivery.walmart.com/0b033df1-b874-4159-9272-582a96033514.jpeg,acceptable,TRUE,Yes,True Positive,
6/18/2026,2.00015E+14,bca77e1e-24a7-4e24-9d8f-29d7e063e4ab,http://images.delivery.walmart.com/b04350ce-e1d0-4d9b-9a10-b12f0b461127.jpeg,http://images.delivery.walmart.com/a2bf89d3-1171-41e8-8401-14b78344a4e4.jpeg,acceptable,TRUE,Yes,True Positive,
6/18/2026,2.00015E+14,0c5635fd-cbe3-4363-915b-d5ed70888373,http://images.delivery.walmart.com/b90f4242-d809-4897-9a6a-b28857200dc6.jpeg,http://images.delivery.walmart.com/c81f2ad0-06a9-483d-a93a-d30b7b814a53.jpeg,acceptable,TRUE,Yes,True Positive,
6/18/2026,2.00015E+14,431e3a41-2af1-4592-b7fb-370edfbad974,http://images.delivery.walmart.com/8b8f5bb6-5a9e-4e82-a449-e544a4ce8b6d.jpeg,http://images.delivery.walmart.com/1d9c3f41-e848-47ba-95b0-c915b40654f1.jpeg,acceptable,TRUE,Yes,True Positive,
6/18/2026,2.00015E+14,872a8e10-6fd1-4b16-9d6b-24cc10695fba,http://images.delivery.walmart.com/cc415e3d-69fb-468e-9bd8-2a239511351c.jpeg,http://images.delivery.walmart.com/e8eee84e-adc9-43ac-bb31-cceebd13a056.jpeg,acceptable,TRUE,Yes,True Positive,
6/18/2026,2.00015E+14,dbbcb5ef-5fde-4161-9a84-309ab993b8a1,http://images.delivery.walmart.com/e1cf4ddc-822b-4aef-a5ce-1ae4e3676972.jpeg,http://images.delivery.walmart.com/77e56831-f1b0-45c6-ab41-aace0f5b6b5f.jpeg,acceptable,TRUE,Yes,True Positive,
6/18/2026,2.00015E+14,e803578e-5e4c-4e87-bb1a-8ea1c5a53234,http://images.delivery.walmart.com/b7aad14c-ae4e-4148-8ee3-af747493c2d9.jpeg,http://images.delivery.walmart.com/aa9f1a06-a07a-45d0-9a6c-4f4582daf2c9.jpeg,acceptable,TRUE,Yes,True Positive,
6/18/2026,2.00015E+14,3a91b087-638e-0aa4-0645-996af5573e24,http://images.delivery.walmart.com/64e4f772-674b-4e90-b3e5-20f3dfb143bf.jpeg,http://images.delivery.walmart.com/2a05e634-f3d1-4535-b415-019c953695b4.jpeg,acceptable,TRUE,Yes,True Positive,
6/18/2026,2.00015E+14,052192ff-e0bf-4b67-a567-b5ec5c9ef9fe,http://images.delivery.walmart.com/6d7b92b2-b161-4ec7-9644-16c7fd7b6596.jpeg,http://images.delivery.walmart.com/05631e13-d007-4999-ac40-faa9bb19339f.jpeg,unacceptable,TRUE,No,False Positive,
6/18/2026,2.00015E+14,73fd6c9f-ad0f-4a2d-82a2-18d237deda57,http://images.delivery.walmart.com/f58f5150-7b1d-4738-ab8b-cb34728d3037.jpeg,http://images.delivery.walmart.com/0650eb8a-22c6-48ba-90aa-559e15f2fe0f.jpeg,acceptable,TRUE,Yes,True Positive,
6/18/2026,2.00015E+14,47985b94-c993-473c-b6a1-8702ad3cd284,http://images.delivery.walmart.com/d33a915c-4306-4095-97da-f1713e121dfa.jpeg,http://images.delivery.walmart.com/003935bd-d6f8-41b2-b566-46b7821920de.jpeg,acceptable,TRUE,Yes,True Positive,Paper Towel
6/18/2026,2.00015E+14,8241beb1-8198-438d-bd6d-13c7f4416953,http://images.delivery.walmart.com/4ede56d5-d1b6-4abb-ae9d-f64755a71ec6.jpeg,http://images.delivery.walmart.com/06fcd003-2895-4c4b-aa72-0be0094a53ae.jpeg,acceptable,TRUE,Yes,True Positive,
6/18/2026,2.00015E+14,784f5210-c4e4-45b3-8928-4acb09db9d80,http://images.delivery.walmart.com/67d9af7f-8e0a-43b5-a627-c779aa768137.jpeg,http://images.delivery.walmart.com/515d26f8-c354-4592-a978-fa2dacdd3830.jpeg,acceptable,TRUE,Yes,True Positive,
6/18/2026,2.00015E+14,68833e77-312f-4c5a-8c12-db8db2831b42,http://images.delivery.walmart.com/5144d357-1e77-453f-bdae-f4e6308e306b.jpeg,http://images.delivery.walmart.com/ade0b5f4-24a8-4113-81ce-e48d340a7cac.jpeg,acceptable,TRUE,Yes,True Positive,
6/18/2026,2.00015E+14,0c1e84a5-a29b-45fa-9e63-db4e866a34a6,http://images.delivery.walmart.com/1a6e62d5-50e6-40cd-943b-c8f911b92e69.jpeg,http://images.delivery.walmart.com/52588346-146a-44c2-b8bb-3df24ebbcbb4.jpeg,acceptable,TRUE,Yes,True Positive,
6/18/2026,2.00015E+14,41953327-1bf5-4e64-9bb7-4d5d04246aba,http://images.delivery.walmart.com/c7d35935-7ca6-4335-b588-4c7a336f7110.jpeg,http://images.delivery.walmart.com/a1dc49b8-84be-4893-bbb8-54077c94fef4.jpeg,acceptable,TRUE,Yes,True Positive,
6/18/2026,2.00015E+14,21d28b4c-caaa-4987-b32d-d15cc337e43c,http://images.delivery.walmart.com/6bb74ce6-253d-422e-8f03-ca0251c779f8.jpeg,http://images.delivery.walmart.com/e66b42bb-6f86-4d76-9d70-aa3b58323b87.jpeg,acceptable,TRUE,Yes,True Positive,
6/18/2026,2.00015E+14,e43fea7a-029e-4f19-b661-a2987ff8caea,http://images.delivery.walmart.com/ceb5b7fc-69cd-4a35-92bd-fa441d2e7b4c.jpeg,http://images.delivery.walmart.com/a089d45b-a92b-4cdf-bdd5-bea4db410fc3.jpeg,acceptable,TRUE,Yes,True Positive,
6/18/2026,2.00015E+14,09316368-767b-43ec-9674-5837a7afc46c,http://images.delivery.walmart.com/af16b9db-8dd8-448f-b717-68222a112381.jpeg,http://images.delivery.walmart.com/8e8bda6a-8025-428f-8939-f61e3d901116.jpeg,acceptable,TRUE,Yes,True Positive,
6/18/2026,2.00015E+14,1c730cee-1da0-496a-b3b6-793f59756660,http://images.delivery.walmart.com/5c368852-1a6a-4586-be84-28979614a837.jpeg,http://images.delivery.walmart.com/9c91a3b5-a39b-4214-b310-c84921ade083.jpeg,acceptable,TRUE,Yes,True Positive,
6/18/2026,2.00015E+14,a92bce3d-9ce0-4ad6-b445-b8c6ff6c72c1,http://images.delivery.walmart.com/557b9815-d7bf-47a7-ba8e-441c28216a0f.jpeg,http://images.delivery.walmart.com/0f763fa1-ed92-45cd-99ee-e7cdcbfaa8a6.jpeg,acceptable,TRUE,Yes,True Positive,
6/18/2026,2.00015E+14,df23154f-950e-2fb3-45e2-eb2117240550,http://images.delivery.walmart.com/b4a56b63-5136-4d27-b201-142dc7a431f9.jpeg,http://images.delivery.walmart.com/a114e162-174d-47f4-b343-1414979779d5.jpeg,acceptable,TRUE,Yes,True Positive,
6/18/2026,2.00015E+14,41412bbf-ef0c-4277-a797-5bbc7c54b45a,http://images.delivery.walmart.com/bf2862c5-37ef-4847-bf32-179bea3447c0.jpeg,http://images.delivery.walmart.com/864b4924-f5e0-4f49-8e0a-fca4d1fb2fde.jpeg,acceptable,TRUE,Yes,True Positive,
6/18/2026,2.00015E+14,1d1d70b3-cf73-4aa9-b3e6-8c4075b26995,http://images.delivery.walmart.com/6f2bf335-2c7e-40b8-81ed-b29f91454adb.jpeg,http://images.delivery.walmart.com/60a9a1d8-219e-492d-a8ee-48b841d9706b.jpeg,acceptable,TRUE,Yes,True Positive,
6/18/2026,2.00015E+14,494256f5-5dcc-4766-a167-2e495bdc9a87,http://images.delivery.walmart.com/ac5d2adb-f5be-41a5-ba56-5afb425b2813.jpeg,http://images.delivery.walmart.com/517a0b57-565c-4099-ba79-cc7dd257b7e5.jpeg,acceptable,TRUE,Yes,True Positive,
6/18/2026,2.00015E+14,3fbf6f38-9117-4284-adfd-d0b2d2a4dddd,http://images.delivery.walmart.com/03a5f092-17db-448e-b52d-495a3ea38218.jpeg,http://images.delivery.walmart.com/88063015-f8b9-44bf-8f0b-27af183a4cbd.jpeg,acceptable,TRUE,Yes,True Positive,
6/18/2026,2.00015E+14,190f3258-7734-4295-99f0-cb534672b7d1,http://images.delivery.walmart.com/d30dd8e5-6948-4cf3-b117-dc2ef9d9fa71.jpeg,http://images.delivery.walmart.com/788a6935-c4ec-4dd6-8f47-3e5c427071f4.jpeg,acceptable,TRUE,Yes,True Positive,
6/18/2026,2.00015E+14,6d6deddd-513c-466a-9fc5-aa95e30f5bbf,http://images.delivery.walmart.com/7794179e-c573-4eba-a81d-8324b56e83c6.jpeg,http://images.delivery.walmart.com/3c039f2b-8549-489b-aa26-363fc025a0bf.jpeg,acceptable,TRUE,Yes,True Positive,
6/18/2026,2.00015E+14,125c0573-bb78-477b-874d-b1438f67ee7c,http://images.delivery.walmart.com/bb331f55-e05a-4a21-8a5d-89b1a8b3c101.jpeg,http://images.delivery.walmart.com/4af41e40-2d47-4c78-aecc-7f96e19597a7.jpeg,acceptable,TRUE,Yes,True Positive,
6/18/2026,2.00015E+14,ed978a69-43dc-490d-8db0-20fb5f122008,http://images.delivery.walmart.com/d06a8437-b34c-428e-9049-352b008dc6d3.jpeg,http://images.delivery.walmart.com/fbc6eca6-a38c-420e-8104-d6988441e757.jpeg,acceptable,TRUE,Yes,True Positive,
6/18/2026,2.00015E+14,e65b4dac-a91a-4dd9-8cb0-e4852e7a60fe,http://images.delivery.walmart.com/49eaeded-1b96-46be-ae34-77144fca3760.jpeg,http://images.delivery.walmart.com/4da6cde0-930f-4e51-8eff-d60bd5c01f15.jpeg,acceptable,TRUE,Yes,True Positive,
6/18/2026,2.00015E+14,3a7cab2e-44e6-4863-bd96-23f5109d3403,http://images.delivery.walmart.com/2d9d3559-42d6-4895-a870-87f0f73be66b.jpeg,http://images.delivery.walmart.com/f0a57528-4838-4d64-a4d4-97dbd568b7e4.jpeg,acceptable,TRUE,Yes,True Positive,
6/18/2026,2.00015E+14,7d036e62-d95a-4e31-b53e-3ee95c6b33b6,http://images.delivery.walmart.com/72afd5ed-17f9-4a2c-a364-b1a71648c189.jpeg,http://images.delivery.walmart.com/7afaa479-47f1-476f-b03d-8ab464a1ce48.jpeg,acceptable,TRUE,Yes,True Positive,
6/18/2026,2.00015E+14,f1e6399b-9735-4c9d-95dc-47282d45973d,http://images.delivery.walmart.com/fa672539-3a01-4295-8f8f-87e005003a17.jpeg,http://images.delivery.walmart.com/c5bf5074-47ef-4fe7-a76e-d53ad28793a3.jpeg,acceptable,TRUE,Yes,True Positive,
6/18/2026,2.00015E+14,bbfb05ac-248e-4743-992f-c4f5c93939cd,http://images.delivery.walmart.com/046a9059-4358-4184-9f94-3af868c1b09d.jpeg,http://images.delivery.walmart.com/12c0137e-e1b2-4cf9-a3f1-09845c54fafb.jpeg,acceptable,TRUE,Yes,True Positive,
6/18/2026,2.00015E+14,a9d28f36-f85f-11b2-28bd-80283deedf4e,http://images.delivery.walmart.com/8c002259-43b1-48f3-8356-227a94f87d4e.jpeg,http://images.delivery.walmart.com/33908b11-0d1a-4f50-873c-beb0735384cd.jpeg,acceptable,TRUE,Yes,True Positive,
6/18/2026,2.00015E+14,2aec6154-9080-4b0c-8350-2fd649a5c5d3,http://images.delivery.walmart.com/4a5a8583-7bfb-43a1-82b8-79a0bd27812d.jpeg,http://images.delivery.walmart.com/24316f03-d9b2-4e90-9130-b8348641e11e.jpeg,unacceptable,TRUE,Yes,True Positive,
6/18/2026,2.00015E+14,17863b48-a240-47b5-8a81-6727f828cf67,http://images.delivery.walmart.com/71ab3261-9b63-4f62-98a8-36b7eae322d6.jpeg,http://images.delivery.walmart.com/111f53d4-1ab8-45fc-a888-af07c914b087.jpeg,acceptable,TRUE,Yes,True Positive,
6/18/2026,2.00015E+14,57a529d9-2ed8-4883-bb9a-7afda33dc55a,http://images.delivery.walmart.com/5abc1ac4-be12-4ea8-b05f-3125ef61eb5d.jpeg,http://images.delivery.walmart.com/e1ecaf5a-b6d8-48df-87db-b2c238b30725.jpeg,acceptable,TRUE,Yes,True Positive,
6/18/2026,2.00015E+14,e9f934ce-8385-40a9-9fed-59a5ba9ad733,http://images.delivery.walmart.com/39638afe-8a0a-4eb5-9a67-fc6914101a4b.jpeg,http://images.delivery.walmart.com/2ff3f2ca-9e47-4258-b2b4-f3c288ee062e.jpeg,acceptable,TRUE,Yes,True Positive,
6/18/2026,2.00015E+14,d9bcba9f-aa1f-82f6-6629-0cb9c11f0647,http://images.delivery.walmart.com/c1e6632f-e646-4f1a-b594-bf24a77a2352.jpeg,http://images.delivery.walmart.com/71f9d638-d914-4985-b32b-ce66d9e7ff81.jpeg,acceptable,TRUE,Yes,True Positive,
6/18/2026,2.00015E+14,a6061baa-9eaa-4ac7-9d4b-95a4bdb3f25d,http://images.delivery.walmart.com/78a597ce-18c7-4e15-b7b5-a093bd6b2aca.jpeg,http://images.delivery.walmart.com/613124c3-8877-40d5-8e01-7ae90fc8c026.jpeg,acceptable,TRUE,No,False Positive,
6/18/2026,2.00015E+14,0f4e5654-87f9-4d67-8a56-16f4ba8003a2,http://images.delivery.walmart.com/3161c59e-051c-45d8-bb9c-114b43313ad5.jpeg,http://images.delivery.walmart.com/bfee8c3c-1050-4b2f-83a3-b9850c0710f8.jpeg,acceptable,TRUE,Yes,True Positive,
6/18/2026,2.00015E+14,f33ed463-6e49-49a1-9bf9-7094123d2abe,http://images.delivery.walmart.com/f2bc3555-3936-4762-a563-222b0baa1937.jpeg,http://images.delivery.walmart.com/251544cc-f3f8-492f-b1f8-6d58559cd1b8.jpeg,acceptable,TRUE,Yes,True Positive,
6/18/2026,2.00015E+14,895626d1-5831-4d3d-b4a6-423b83153399,http://images.delivery.walmart.com/6cbb4b6e-a3b0-450b-a5ed-9dc3d899ec56.jpeg,http://images.delivery.walmart.com/904cf248-75a1-450b-95fe-27bcdd172c3a.jpeg,acceptable,TRUE,Yes,True Positive,
6/18/2026,2.00015E+14,36dabf35-db4a-464b-8cec-c6409f7af0ec,http://images.delivery.walmart.com/f23324eb-0d22-4719-bdca-23b08941e747.jpeg,http://images.delivery.walmart.com/71287525-c74b-4cb9-be06-cef41eba82ed.jpeg,acceptable,TRUE,Yes,True Positive,
6/18/2026,2.00015E+14,6528daf0-b936-48ec-9e48-aeebace39b38,http://images.delivery.walmart.com/86f2d379-d1a1-4450-b256-06514c40d15c.jpeg,http://images.delivery.walmart.com/8f2f3530-7159-4a4a-8edb-8b4cf9127d8c.jpeg,acceptable,TRUE,Yes,True Positive,
6/18/2026,2.00015E+14,02a979a5-567f-fb50-c391-0ab129902c45,http://images.delivery.walmart.com/593f2b30-21ea-46cf-b500-56c31bdc4633.jpeg,http://images.delivery.walmart.com/7ba926bb-049b-4dac-9f99-5a66a793b823.jpeg,acceptable,TRUE,Yes,True Positive,
6/18/2026,2.00015E+14,a9eddcd2-f1e1-43b6-a82f-5c54b688b007,http://images.delivery.walmart.com/43328d6a-3929-451f-8607-6732229f53e5.jpeg,http://images.delivery.walmart.com/dc99905c-b711-4b4d-99bb-195f978452b2.jpeg,acceptable,TRUE,No,False Positive,
6/18/2026,2.00015E+14,37da2120-ea34-40bb-91f4-116690d5471e,http://images.delivery.walmart.com/52e61dee-2e3b-4623-a710-2334bda53b30.jpeg,http://images.delivery.walmart.com/1362d767-f6ea-4b44-9990-03470fdcc19f.jpeg,acceptable,TRUE,No,False Positive,
6/18/2026,2.00015E+14,8e0e356f-f0a4-4554-b98f-38381812790a,http://images.delivery.walmart.com/99880541-f69f-4ea1-9789-dac7eca9e2ae.jpeg,http://images.delivery.walmart.com/4bb504d8-480d-4eff-88c1-8da9408ca06f.jpeg,unacceptable,TRUE,Yes,True Positive,
6/18/2026,2.00015E+14,e1508660-01a0-4138-bc0d-08703f36bf8a,http://images.delivery.walmart.com/cfeee3bc-35b1-46f0-9153-cc22519611b3.jpeg,http://images.delivery.walmart.com/64c9e684-902f-4440-94cf-b8c083e8c753.jpeg,acceptable,TRUE,Yes,True Positive,
6/18/2026,2.00015E+14,a9232447-dbee-4a45-a375-38d84252aab5,http://images.delivery.walmart.com/8507b1f2-25c1-4b9d-82fb-516288e0b831.jpeg,http://images.delivery.walmart.com/27c58829-128f-4f17-b8dc-3688380114ed.jpeg,acceptable,TRUE,Yes,True Positive,
6/18/2026,2.00015E+14,77ab81e6-b6fe-d102-8c10-88a7055d1acc,http://images.delivery.walmart.com/4ceafdb0-dbe5-4481-b1d1-1622e43c4ac9.jpeg,http://images.delivery.walmart.com/6a72c8ed-e9f5-4b53-aaaf-9ae2f319c609.jpeg,acceptable,TRUE,Yes,True Positive,
6/18/2026,2.00015E+14,82bf98c4-055b-4835-8e29-75b195443727,http://images.delivery.walmart.com/9901302a-472d-42c8-887f-7c9148863462.jpeg,http://images.delivery.walmart.com/abf9dcdf-3090-48ca-a53f-bb5005b0379b.jpeg,acceptable,TRUE,Yes,True Positive,
6/18/2026,2.00015E+14,3d5561d7-a8b3-4011-867b-35b794683fcd,http://images.delivery.walmart.com/d475ebae-81ad-4ffb-8340-009991d97358.jpeg,http://images.delivery.walmart.com/24d106fa-cc97-4ddb-93eb-339eb22f1167.jpeg,acceptable,TRUE,Yes,True Positive,
6/18/2026,2.00015E+14,10aa4a35-4363-3af4-7ab4-865d8398c758,http://images.delivery.walmart.com/e22c73b4-c5e2-47c4-b7ff-e3aaa8c58648.jpeg,http://images.delivery.walmart.com/3cda841e-4fbc-423e-80c1-ca51168dee36.jpeg,acceptable,TRUE,Yes,True Positive,
6/18/2026,2.00015E+14,2fb7adea-fc6d-4981-8220-781149d81ad4,http://images.delivery.walmart.com/610c543a-8dba-4143-85bb-2ece68c3a132.jpeg,http://images.delivery.walmart.com/44e5c2ae-c392-420c-affb-392d9e9a8995.jpeg,acceptable,TRUE,Yes,True Positive,
6/18/2026,2.00015E+14,3e9b0155-9e10-4276-9deb-56bffb919a32,http://images.delivery.walmart.com/1bb8fc31-408b-4dfd-9cf0-206e80955a0a.jpeg,http://images.delivery.walmart.com/db3bb979-82ff-46fd-b956-48e09576cc87.jpeg,acceptable,TRUE,Yes,True Positive,
6/18/2026,2.00015E+14,58609334-b742-47c3-8247-a1cfa421bd60,http://images.delivery.walmart.com/efe45d29-412f-4f5d-8cdb-212610188852.jpeg,http://images.delivery.walmart.com/ae3f838f-c00a-4818-a0a3-793951d0cde8.jpeg,acceptable,TRUE,Yes,True Positive,
6/18/2026,2.00015E+14,815db2b5-1c9c-4c35-a461-178a47f37e13,http://images.delivery.walmart.com/a633252e-1b40-4cef-8745-8c734b477e93.jpeg,http://images.delivery.walmart.com/7005f221-162f-440b-907f-61a140afe9ea.jpeg,acceptable,TRUE,Yes,True Positive,
6/18/2026,2.00015E+14,f0085cdc-711d-46f1-b504-26165bb0fb67,http://images.delivery.walmart.com/127d5bd6-fb70-4924-926c-97ada9e3e954.jpeg,http://images.delivery.walmart.com/b8760c45-ab52-48d0-a298-0489ff665f1c.jpeg,acceptable,TRUE,Yes,True Positive,
6/18/2026,2.00015E+14,71d669cd-d393-4bcb-9299-005b73f3e3e0,http://images.delivery.walmart.com/22be4f44-f3e2-4c70-9650-0434095bb876.jpeg,http://images.delivery.walmart.com/88a700c2-9d9a-4435-a01f-d4a14d25b2e7.jpeg,acceptable,TRUE,Yes,True Positive,
6/18/2026,2.00015E+14,eba85c95-9bd0-4627-8137-5be260bd26e1,http://images.delivery.walmart.com/3fe42124-db3d-4508-9b84-257a51365e24.jpeg,http://images.delivery.walmart.com/b4919f73-4843-4934-9e61-8e15b33e9fa7.jpeg,acceptable,TRUE,Yes,True Positive,
6/18/2026,2.00015E+14,8650a1e6-fcef-44a8-a6c2-dd7b70867890,http://images.delivery.walmart.com/25452821-26ec-4c2d-8ab2-6877d52e8eb5.jpeg,http://images.delivery.walmart.com/d5b14a77-33b6-4a2e-9df2-3351f0afd61c.jpeg,acceptable,TRUE,No,False Positive,
6/18/2026,2.00015E+14,2608d39d-a02e-43ec-870e-b55b440c18dd,http://images.delivery.walmart.com/f1c6cb28-83b2-4c82-9761-ac61f56a29cf.jpeg,http://images.delivery.walmart.com/ca0f65eb-d390-43aa-b891-5dd3792c6877.jpeg,acceptable,TRUE,Yes,True Positive,
6/18/2026,2.00015E+14,bbb196f6-22e9-49f7-bd5f-1f2fda6e56ea,http://images.delivery.walmart.com/4df0e90b-4cb7-4080-9a28-6a24ae961414.jpeg,http://images.delivery.walmart.com/ba064fbc-3c8e-4c42-9898-ac17aefaf3f0.jpeg,acceptable,TRUE,No,False Positive,
6/18/2026,2.00015E+14,0cba0b90-b505-4a22-8889-ebe1d5e0de47,http://images.delivery.walmart.com/579762d1-36e8-423e-ac01-228f988aaf08.jpeg,http://images.delivery.walmart.com/7ca19b22-f386-4ad4-9735-62591ae82ce7.jpeg,acceptable,TRUE,Yes,True Positive,
6/18/2026,2.00015E+14,956cbda3-e463-4a18-8bbb-9de7e7170968,http://images.delivery.walmart.com/960e7276-0947-4acc-b26a-1b6d29af261b.jpeg,http://images.delivery.walmart.com/d3e4abae-cbd6-45b5-923d-b6be9c5d3866.jpeg,acceptable,TRUE,Yes,True Positive,
6/18/2026,2.00015E+14,e125450b-8cc8-48ab-88ee-a1d2dddb6773,http://images.delivery.walmart.com/0f3697b1-511b-412a-923f-a63db7f114f5.jpeg,http://images.delivery.walmart.com/b66e4faf-569c-4994-b574-9fd31967a732.jpeg,acceptable,TRUE,Yes,True Positive,
6/18/2026,2.00015E+14,196d350d-159e-4776-9146-861554556111,http://images.delivery.walmart.com/87f781da-df98-43ca-816f-296b0ad65e7f.jpeg,http://images.delivery.walmart.com/33246352-7b87-4890-82bf-8565d4baa38d.jpeg,acceptable,TRUE,Yes,True Positive,
6/18/2026,2.00015E+14,b5aed27d-dcef-4fab-8cb1-09947130901f,http://images.delivery.walmart.com/20c8117d-23fb-4b01-9e28-8d8988a8bd0c.jpeg,http://images.delivery.walmart.com/d8d078d7-9ceb-48a0-823f-d1d4869c466c.jpeg,acceptable,TRUE,No,False Positive,
6/18/2026,2.00015E+14,eb7faddd-8f71-cc25-b582-33bc99f665e1,http://images.delivery.walmart.com/fd72e7ad-83bc-4f46-b335-1f519930d6f1.jpeg,http://images.delivery.walmart.com/1f12f864-70b5-48e0-b5da-3cbb8c5b84f4.jpeg,acceptable,TRUE,Yes,True Positive,
6/18/2026,2.00015E+14,31209cd6-42bb-493c-afa9-748dcba396f1,http://images.delivery.walmart.com/9a03f577-a734-4a29-8e75-8612accf4b9e.jpeg,http://images.delivery.walmart.com/18acbc09-5dd7-4791-937b-fe62280734fe.jpeg,acceptable,TRUE,Yes,True Positive,
6/18/2026,2.00015E+14,344d96d0-0e56-44b0-ba55-ff6d60144244,http://images.delivery.walmart.com/1ae1fa9c-d525-43f4-bc88-b6da462708e6.jpeg,http://images.delivery.walmart.com/57b97c6d-a6c7-4640-b309-9b8be95ecf83.jpeg,acceptable,TRUE,Yes,True Positive,
6/18/2026,2.00015E+14,756a4db5-ab94-45d0-84ec-24b4595bb28d,http://images.delivery.walmart.com/c9cd4b2f-98b8-4b54-b3b6-19b0dd32be3b.jpeg,http://images.delivery.walmart.com/ee9f43f3-02c1-48c0-9774-9a0790410acf.jpeg,acceptable,TRUE,Yes,True Positive,
6/18/2026,2.00015E+14,9309bc88-a5dd-47ac-890f-0f2b10efb820,http://images.delivery.walmart.com/f84e1b66-3327-494a-bc32-4314179c6477.jpeg,http://images.delivery.walmart.com/546961b3-d050-4467-a3b9-aaf76710a26d.jpeg,acceptable,TRUE,Yes,True Positive,
6/18/2026,2.00015E+14,49c2df3e-40fd-47fb-aabe-173f85fa3205,http://images.delivery.walmart.com/ffbaefe6-b542-4e2b-bb58-78536d11816f.jpeg,http://images.delivery.walmart.com/59e3146f-1ae5-48e7-a935-353ac7a4bdea.jpeg,acceptable,TRUE,Yes,True Positive,
6/18/2026,2.00015E+14,d3726f35-821e-467f-9a8f-1c45769c53a0,http://images.delivery.walmart.com/b2bc7193-4d16-4fc5-9e7f-fe13b722c70c.jpeg,http://images.delivery.walmart.com/d0c751ba-4140-439a-aa6b-f54aa160c1a4.jpeg,acceptable,TRUE,Yes,True Positive,
6/18/2026,2.00015E+14,74b41cab-a42d-4e4a-bd23-b1baf99e3256,http://images.delivery.walmart.com/f71fab5e-72f6-42f6-8a5c-7f4f9e214651.jpeg,http://images.delivery.walmart.com/daa2aac4-7ead-4959-82da-f093e9cff39f.jpeg,acceptable,TRUE,Yes,True Positive,
6/18/2026,2.00015E+14,01f47354-394b-91b6-6319-627368edcc39,http://images.delivery.walmart.com/6e0215f0-f2ea-4fcf-a3b6-ac2f07067bea.jpeg,http://images.delivery.walmart.com/cef30ab1-cde2-4580-ae9b-8f5b834d1069.jpeg,acceptable,TRUE,Yes,True Positive,
6/18/2026,2.00015E+14,837ea575-93b2-435d-9de6-60457f93e62d,http://images.delivery.walmart.com/faf1d1fe-05a0-4d69-a992-d41537270cc0.jpeg,http://images.delivery.walmart.com/a786c7ee-713c-4eaf-bd60-0dccc3d77b04.jpeg,acceptable,TRUE,Yes,True Positive,
6/18/2026,2.00015E+14,4cf68a73-fe0f-42bc-b0f4-499e91719aaa,http://images.delivery.walmart.com/e3d3f0b3-a065-4c52-91f8-9cfdf6f90c86.jpeg,http://images.delivery.walmart.com/2fca5509-d17a-458d-8c59-b682e08f61d7.jpeg,acceptable,TRUE,Yes,True Positive,
6/18/2026,2.00015E+14,40c06289-1469-3762-88a6-dc1cf1a070b1,http://images.delivery.walmart.com/fe1243b3-84ab-4eaa-959d-3610ff0f64da.jpeg,http://images.delivery.walmart.com/39a10e54-7ea8-450d-9bb1-f2791f93a3b3.jpeg,acceptable,TRUE,Yes,True Positive,
6/18/2026,2.00015E+14,c05c3fd2-8d34-43d1-b0d6-91d22c745ea6,http://images.delivery.walmart.com/5cb70cce-6167-43ba-a520-6f5afaa93b3f.jpeg,http://images.delivery.walmart.com/927a3f3d-3495-4d73-b01f-199e02d08d47.jpeg,acceptable,TRUE,No,False Positive,
6/18/2026,2.00015E+14,76e342ea-2746-48ad-8d46-5feb26f41107,http://images.delivery.walmart.com/432b0b9c-84ea-4215-a660-95d8140d8b6a.jpeg,http://images.delivery.walmart.com/7331cdf3-7ff6-4415-a681-ecce0cebd630.jpeg,acceptable,TRUE,Yes,True Positive,
6/18/2026,2.00015E+14,834192e1-10d4-4866-85d2-4b4d1553eb8b,http://images.delivery.walmart.com/db02f152-daa2-4a2a-8cb7-715224453a9b.jpeg,http://images.delivery.walmart.com/f161bb27-0a37-40b5-a78c-c016f0f48591.jpeg,acceptable,TRUE,No,False Positive,
6/18/2026,2.00015E+14,f12caa02-52b9-42d7-bddd-b46a568bf6d8,http://images.delivery.walmart.com/ee023ff9-9e2b-4c06-9302-2419d051b1d8.jpeg,http://images.delivery.walmart.com/675e52a3-858b-433b-91fb-d2265d384a7c.jpeg,acceptable,TRUE,Yes,True Positive,
6/18/2026,2.00015E+14,16bd0c2a-55d9-4f41-8ef1-e317c8127de0,http://images.delivery.walmart.com/cffd217f-c858-448a-ab8d-343dfd79854e.jpeg,http://images.delivery.walmart.com/1720438c-5658-4877-856c-9c4a889b6c28.jpeg,acceptable,TRUE,Yes,True Positive,
6/18/2026,2.00015E+14,741b6963-2a89-407d-b379-53def365f7e0,http://images.delivery.walmart.com/aa00ea29-7440-42e4-956c-9014cfea8bef.jpeg,http://images.delivery.walmart.com/be73a462-8cbf-460f-a108-3c3e95249ef8.jpeg,acceptable,TRUE,Yes,True Positive,
6/18/2026,2.00015E+14,53c8951a-665e-4692-9228-3a9a4a97fce9,http://images.delivery.walmart.com/82416397-333d-48ea-8ee2-dbdfce026c03.jpeg,http://images.delivery.walmart.com/1b0e1286-8d69-43ef-9fce-a8e136c7fd17.jpeg,acceptable,TRUE,Yes,True Positive,
6/18/2026,2.00015E+14,72a489e3-4402-49ae-8b2f-566824cdc548,http://images.delivery.walmart.com/b3199e57-a8b9-4c5c-b4cb-12fb5459aeef.jpeg,http://images.delivery.walmart.com/e2d72991-38dc-4071-ba36-0bc2a0334c71.jpeg,acceptable,TRUE,Yes,True Positive,
6/18/2026,2.00015E+14,3677cf30-e7d0-466d-8f2e-02c3876548aa,http://images.delivery.walmart.com/c9414e0f-a179-4ec1-a826-c9968e446ed9.jpeg,http://images.delivery.walmart.com/1c4a4a60-6d4b-4cc8-9640-81666f56915b.jpeg,acceptable,TRUE,Yes,True Positive,
6/18/2026,2.00015E+14,018d07a2-f7a1-49a6-81ab-29bfc5e23da2,http://images.delivery.walmart.com/596e4d8b-6862-49ee-b4cb-80ff056b9aec.jpeg,http://images.delivery.walmart.com/e0f90644-e9cc-4380-8a94-79e0d8329d13.jpeg,acceptable,TRUE,No,False Positive,
6/18/2026,2.00015E+14,9c088481-f613-471a-9ae1-692ad9bae005,http://images.delivery.walmart.com/43a5de9d-3f18-4639-8660-0a5e726ff927.jpeg,http://images.delivery.walmart.com/ada95cba-b234-45ca-b3f0-f4f2c23763fd.jpeg,acceptable,TRUE,Yes,True Positive,
6/18/2026,2.00015E+14,bf421cd3-8055-404a-8545-caefc123a5ac,http://images.delivery.walmart.com/fb406f5c-6537-484f-ba08-4c5e55f73f42.jpeg,http://images.delivery.walmart.com/fc03a7a1-6c3a-4575-96fd-c2ba1825ce66.jpeg,acceptable,TRUE,Yes,True Positive,
6/18/2026,2.00015E+14,91c961d8-3e61-4ade-8070-bfa5dd9eeddc,http://images.delivery.walmart.com/6bd5b3e4-c571-4fad-91bc-b83f1faa3679.jpeg,http://images.delivery.walmart.com/bf26e84c-0e0a-44ad-a666-02c3fedbbc4b.jpeg,acceptable,TRUE,Yes,True Positive,
6/18/2026,2.00015E+14,cca1e132-9c93-4319-9d2b-8085e41fda85,http://images.delivery.walmart.com/dd483a32-53b2-466f-af92-54327f667f6b.jpeg,http://images.delivery.walmart.com/d0e66378-0652-4dc8-bc29-459459a0e712.jpeg,acceptable,TRUE,Yes,True Positive,
6/18/2026,2.00015E+14,283247ec-2cea-2ad7-48ab-874d4f877ea5,http://images.delivery.walmart.com/0e4cc4ad-d055-406a-927a-c886d4a245de.jpeg,http://images.delivery.walmart.com/e005c413-3d9e-4015-aaf7-820eaf42dd8a.jpeg,acceptable,TRUE,Yes,True Positive,
6/18/2026,2.00015E+14,a88288d7-ad50-47c7-8f1f-8113fab9ffb2,http://images.delivery.walmart.com/59968182-5625-4da5-98a7-dd58a1203014.jpeg,http://images.delivery.walmart.com/8d5bea8e-a2cd-48b3-9a42-f8812ad9b3c3.jpeg,acceptable,TRUE,No,False Positive,
6/18/2026,2.00015E+14,e4cf5cef-ae9a-4572-8326-de39b0025202,http://images.delivery.walmart.com/87381980-0c2f-4a78-b06a-e2296b3bd259.jpeg,http://images.delivery.walmart.com/a5653815-796d-4858-9927-13c15ce2d637.jpeg,acceptable,TRUE,Yes,True Positive,
6/18/2026,2.00015E+14,edc87469-42b0-4cc6-bc11-d7848e5ad3f9,http://images.delivery.walmart.com/632fdb47-2889-4097-8133-37b3f01605fe.jpeg,http://images.delivery.walmart.com/872cf7d7-7ac7-4a67-85df-858eb4d4d582.jpeg,acceptable,TRUE,Yes,True Positive,
6/18/2026,2.00015E+14,47775d30-42eb-4302-9743-3099bf25b107,http://images.delivery.walmart.com/92dd8422-d947-4252-a4d2-1b7d515d0915.jpeg,http://images.delivery.walmart.com/72a2ef40-a8d0-4121-9de4-944a7cc24510.jpeg,acceptable,TRUE,Yes,True Positive,
6/18/2026,2.00015E+14,5b7244fa-5e61-4049-a5e2-c4e3d6b92b31,http://images.delivery.walmart.com/b36d6a9a-09e2-496e-8927-424298ee6b54.jpeg,http://images.delivery.walmart.com/f119647e-4ac3-4b06-9592-eca8309d85d1.jpeg,acceptable,TRUE,Yes,True Positive,
6/18/2026,2.00015E+14,a18fa4c1-05f8-451e-8d90-caa42cfaacdc,http://images.delivery.walmart.com/8fffd187-dd14-48b2-92e5-8db070135982.jpeg,http://images.delivery.walmart.com/17c710f6-34db-48dd-8d0b-1797d19375cd.jpeg,acceptable,TRUE,Yes,True Positive,
6/18/2026,2.00015E+14,f2fd0a7b-1889-4c92-bde0-2c9c086f3081,http://images.delivery.walmart.com/c178e97f-2867-412a-be61-bcf5c4526053.jpeg,http://images.delivery.walmart.com/1c63fbb6-ffcc-4277-896e-0b3f06477cca.jpeg,acceptable,TRUE,Yes,True Positive,
6/18/2026,2.00015E+14,58332e37-cac7-4d4f-a963-3cc1b0a46ef5,http://images.delivery.walmart.com/0b3a094a-4e35-4a3b-97fb-84fd90a2ec6d.jpeg,http://images.delivery.walmart.com/1cbf3a47-3154-43d2-bc10-f17c23a075a7.jpeg,acceptable,TRUE,Yes,True Positive,
6/18/2026,2.00015E+14,c5277058-07c8-3003-43c5-f46ba5b58274,http://images.delivery.walmart.com/4a68996b-87e1-49d9-badf-7d3ad516812a.jpeg,http://images.delivery.walmart.com/79e2d212-6688-40b6-a2b6-53879c25b647.jpeg,acceptable,TRUE,Yes,True Positive,
6/18/2026,2.00015E+14,85b47377-9ca0-4468-bbbd-dccc0fd28f40,http://images.delivery.walmart.com/1c2ef013-a54c-47bc-bf92-c111f374967c.jpeg,http://images.delivery.walmart.com/ef460470-f3ab-4114-88de-f93f352ce62c.jpeg,acceptable,TRUE,Yes,True Positive,
6/18/2026,2.00015E+14,bfa8c8ad-fe35-d4d2-2f8b-33c5e920a0a2,http://images.delivery.walmart.com/d97c05ee-ed84-4286-aa9d-f7bc4c45335e.jpeg,http://images.delivery.walmart.com/285ff0f9-67cb-426e-8b01-40ae0e9a9dfc.jpeg,acceptable,TRUE,Yes,True Positive,
6/18/2026,2.00015E+14,a16eb785-2acb-4322-a6ea-ffc612b31305,http://images.delivery.walmart.com/324bcaac-28ee-4e9d-914b-503e370b22ce.jpeg,http://images.delivery.walmart.com/7dadd7e7-efc6-4495-a8c6-45f6a352febf.jpeg,acceptable,TRUE,Yes,True Positive,
6/18/2026,2.00015E+14,3f84b734-5220-4a9a-8086-ae80f6b8d92d,http://images.delivery.walmart.com/91ab3178-0006-4151-b311-855f9ffa0f3e.jpeg,http://images.delivery.walmart.com/82d7efba-ab98-429e-bab6-f9c42980b70a.jpeg,acceptable,TRUE,,,
6/18/2026,2.00015E+14,3d1443e3-6cfe-409d-b6d8-6795c7c11fea,http://images.delivery.walmart.com/ed04cd03-5f47-4f68-8fbd-89a01f4eb04d.jpeg,http://images.delivery.walmart.com/b7531a55-2f4b-4a2f-b49c-04ef2116714e.jpeg,acceptable,TRUE,,,
6/18/2026,2.00015E+14,4eeb95c6-268c-4d01-8ebf-438f63a3f0ae,http://images.delivery.walmart.com/87c1c405-2190-4602-b3a3-51cec6054948.jpeg,http://images.delivery.walmart.com/b12c0f81-9143-4965-bd24-ffde6cf111b0.jpeg,acceptable,TRUE,,,
6/18/2026,2.00015E+14,5c1a2f04-659a-4705-89c2-4de51cc47aab,http://images.delivery.walmart.com/9251376b-70a2-4af8-a4a5-7d3b85701c70.jpeg,http://images.delivery.walmart.com/b11b8e27-ca40-4d0d-beef-930f7f5f6e0e.jpeg,acceptable,TRUE,,,
6/18/2026,2.00015E+14,32d0c60f-458c-432c-8860-f89b72a09db9,http://images.delivery.walmart.com/ecf5c662-b71c-43a6-8bd0-9de737faff62.jpeg,http://images.delivery.walmart.com/1faa7304-f97c-4841-8e9a-be13913b7795.jpeg,acceptable,TRUE,,,
6/18/2026,2.00015E+14,1a4d4839-83fc-4099-980b-1253e7b1c97c,http://images.delivery.walmart.com/fa8482e0-7586-40ec-9671-19b0f7bfe1ac.jpeg,http://images.delivery.walmart.com/fc840db0-af20-4392-871f-504c8f938b33.jpeg,acceptable,TRUE,,,
6/18/2026,2.00015E+14,58a655f0-83be-4f0d-87e3-6a12efa896a5,http://images.delivery.walmart.com/81a6ad7b-0d82-4b7b-b67d-7b310f4283eb.jpeg,http://images.delivery.walmart.com/930d3855-d24e-4cb0-acee-87c94319987e.jpeg,acceptable,TRUE,,,
6/18/2026,2.00015E+14,c1eb00e9-93c1-4830-8906-465bf8a34cb2,http://images.delivery.walmart.com/90a0e9cc-02b2-45a5-ab25-4af8b1d6e9b5.jpeg,http://images.delivery.walmart.com/9ede1d2f-62c2-417f-ad48-f24eaebf6242.jpeg,acceptable,TRUE,,,
6/18/2026,2.00015E+14,30764c92-997f-40f8-9146-bfc2fdf047d0,http://images.delivery.walmart.com/26aaf6f3-1c66-484d-b8c6-d53713f65d7c.jpeg,http://images.delivery.walmart.com/8b2d19bf-3778-4c89-bbff-a4f88c4027b5.jpeg,acceptable,TRUE,,,
6/18/2026,2.00015E+14,fc386af4-584b-43b2-a8c5-9a56182a8648,http://images.delivery.walmart.com/6c80932d-f870-498f-b27e-311a5d7aea35.jpeg,http://images.delivery.walmart.com/d35f6c4d-2336-47c1-b8e1-0e32a70e7cb7.jpeg,acceptable,TRUE,,,
6/18/2026,2.00015E+14,98f39912-6ea4-497e-a238-ce2b310d3268,http://images.delivery.walmart.com/a6f9b36a-7f4f-44ef-8332-6ce072196324.jpeg,http://images.delivery.walmart.com/a0b44ab2-299e-4355-b6c0-edb6c74699b5.jpeg,acceptable,TRUE,,,
6/18/2026,2.00015E+14,dcbbc7a4-6ec9-ec5c-5ea9-e84dd1ed4e07,http://images.delivery.walmart.com/1f16f516-8353-4f0b-bd26-98b224e3ec67.jpeg,http://images.delivery.walmart.com/5b204963-b21b-4211-8963-ac8cc16d6a98.jpeg,acceptable,TRUE,,,
6/18/2026,2.00015E+14,de2356fa-7947-46e0-8261-fe445255a8c3,http://images.delivery.walmart.com/6698e661-bd6a-46a6-a935-8660dc96db86.jpeg,http://images.delivery.walmart.com/f2d05b00-d447-43fb-b069-1c3889fd8315.jpeg,acceptable,TRUE,,,
6/18/2026,2.00015E+14,88dcbd2e-453d-4be0-8925-e4b40bb6f776,http://images.delivery.walmart.com/8cc0b37a-dde2-432b-ac5c-25f8a33fc579.jpeg,http://images.delivery.walmart.com/a3f2e414-137b-43c4-a76e-23296d04cc72.jpeg,acceptable,TRUE,,,
6/18/2026,2.00015E+14,dff4f38e-abdd-4bdc-b454-400dda89bcb2,http://images.delivery.walmart.com/873e9b21-54bd-461b-9b9c-5e6959747748.jpeg,http://images.delivery.walmart.com/146a069b-042e-48f4-b346-83b61448e8b2.jpeg,acceptable,TRUE,,,
6/18/2026,2.00015E+14,a94fdefb-0667-4907-a747-fda5b74eddb4,http://images.delivery.walmart.com/ad608119-c36e-4fb7-adb2-e35e0b6e6352.jpeg,http://images.delivery.walmart.com/101b501a-c446-4381-bcc4-c287cfab8344.jpeg,acceptable,TRUE,,,
6/18/2026,2.00015E+14,4cd2e3d7-285b-455a-8549-3684cdf97a14,http://images.delivery.walmart.com/ec55bf1e-c1c6-494d-a16d-c5ca0237d0fe.jpeg,http://images.delivery.walmart.com/91cdb6b5-62d1-4435-9b59-20e95cfae80c.jpeg,acceptable,TRUE,,,
6/18/2026,2.00015E+14,60a5d10f-5a43-4bf3-b9af-4ebd10720609,http://images.delivery.walmart.com/b4b88c50-5785-4863-9701-01e0f29640a4.jpeg,http://images.delivery.walmart.com/caad29af-a408-483e-9a49-cc58f05664bb.jpeg,acceptable,TRUE,,,
6/18/2026,2.00015E+14,57ab633b-674d-428f-bcc7-32cf8653c4d0,http://images.delivery.walmart.com/223029d6-37ec-46e5-ac1e-a85a8e77741e.jpeg,http://images.delivery.walmart.com/f5fa5b43-238c-4ac6-b9d3-5817acd46cce.jpeg,acceptable,TRUE,,,
6/18/2026,2.00015E+14,02071f61-8787-4a4a-979e-06a6fd32baf6,http://images.delivery.walmart.com/7ae0b863-a9ce-4c96-b823-6f0ac47c1dc0.jpeg,http://images.delivery.walmart.com/4cc664c4-2e62-4142-a598-2671a53686ca.jpeg,acceptable,TRUE,,,
6/18/2026,2.00015E+14,4d3030ac-edef-4105-a61e-58d2e6b94dd5,http://images.delivery.walmart.com/f704ab64-6a1e-4459-b6e0-e6d7b39e2d7f.jpeg,http://images.delivery.walmart.com/b2c45273-80fd-4e89-9c0f-191f1edfc6e2.jpeg,acceptable,TRUE,,,
6/18/2026,2.00015E+14,7ba57cd8-2261-4be1-b2b6-c67b60a0ee60,http://images.delivery.walmart.com/eb0cf25a-e690-49c9-a6ae-f68d33a0235d.jpeg,http://images.delivery.walmart.com/a5c73771-0a47-45ba-a68d-0329ca19f141.jpeg,acceptable,TRUE,,,
6/18/2026,2.00015E+14,3cece6d2-c136-4b3a-9fa9-30eab702dba9,http://images.delivery.walmart.com/82f9e004-2d65-4360-9d8b-3d60d8795ecd.jpeg,http://images.delivery.walmart.com/deb1e3f2-60f7-4b78-bb5e-2fe795c2487d.jpeg,acceptable,TRUE,,,
6/18/2026,2.00015E+14,a5c97964-55a3-464e-b49c-b6ac7188b1fa,http://images.delivery.walmart.com/5d6fd6bc-b5eb-431f-abf2-a0ecc8463f27.jpeg,http://images.delivery.walmart.com/86dd3d94-1684-4128-8675-8fb0d5b2f1c7.jpeg,acceptable,TRUE,,,
6/18/2026,2.00015E+14,1e68c6d9-09dc-4174-a04e-21f74fbb8a7d,http://images.delivery.walmart.com/c230d872-6e22-4faa-b8cb-6bcc043995e8.jpeg,http://images.delivery.walmart.com/0638039b-9678-4fb1-b968-6de74c41f774.jpeg,acceptable,TRUE,,,
6/18/2026,2.00015E+14,b04bd69d-2f45-4609-b3a9-3f84ff37b889,http://images.delivery.walmart.com/dd2bab18-9085-486a-8007-58b03ff93994.jpeg,http://images.delivery.walmart.com/b388835b-6986-41c8-bd34-ce60a9adc4d9.jpeg,acceptable,TRUE,,,
6/18/2026,2.00015E+14,528b95b9-ea59-4fc3-8058-b29ccddebe92,http://images.delivery.walmart.com/09567816-4a91-4b53-8f56-21e49e5cfe79.jpeg,http://images.delivery.walmart.com/76b2a78c-1e42-4a08-9504-d0b3c9f4a743.jpeg,acceptable,TRUE,,,
6/18/2026,2.00015E+14,44ce8eb7-9462-4dae-bb4e-0c9afbf7481c,http://images.delivery.walmart.com/4fd54b4c-4a4b-46a6-a912-848947bb054c.jpeg,http://images.delivery.walmart.com/dd3c57ee-84ef-430e-a81f-0740f14b98f1.jpeg,unacceptable,TRUE,,,
6/18/2026,2.00015E+14,0ec2e435-304a-459b-86f4-6fb2a6a641ac,http://images.delivery.walmart.com/fbdc2d3a-c2fb-4eb0-83c0-996d0c51d52a.jpeg,http://images.delivery.walmart.com/3b7e88b9-2a10-4332-9478-a6ab27c04925.jpeg,acceptable,TRUE,,,
6/18/2026,2.00015E+14,9aed7744-2cdb-42b5-8d5c-76b006856034,http://images.delivery.walmart.com/e865c27b-fc98-4d7f-a99e-346d8a500a82.jpeg,http://images.delivery.walmart.com/3eeb1a45-a9ac-4160-824f-56db74ced0ca.jpeg,acceptable,TRUE,,,
6/18/2026,2.00015E+14,ee38b8ed-c481-4a58-8d8a-dd100126a6ee,http://images.delivery.walmart.com/75103039-a38a-4674-bf4a-0d0be0265ad0.jpeg,http://images.delivery.walmart.com/2c71a554-8350-4249-b315-ea665a6a6569.jpeg,acceptable,TRUE,,,
6/18/2026,2.00015E+14,adb4eca4-f8c2-4898-9697-f94c04b2cf3a,http://images.delivery.walmart.com/53098515-9715-4c40-9281-19168deed5eb.jpeg,http://images.delivery.walmart.com/18f7757b-3858-4574-a93c-5fba9b4a6ca5.jpeg,acceptable,TRUE,,,
6/18/2026,2.00015E+14,98b76dc4-0967-4b11-8d98-5c23f3b1fd16,http://images.delivery.walmart.com/2cab8a16-5e39-4ae7-b25f-4c86f9c95ffb.jpeg,http://images.delivery.walmart.com/9cd2b8d1-4be9-4b5b-8435-edcb1af34125.jpeg,acceptable,TRUE,,,
6/18/2026,2.00015E+14,4aaf5780-f6f0-41e7-bed3-e0f668d91837,http://images.delivery.walmart.com/5cc8f6e7-44f9-4208-ac48-b1110147b3f3.jpeg,http://images.delivery.walmart.com/31613379-8099-4add-a691-1e3f4610a573.jpeg,acceptable,TRUE,,,
6/18/2026,2.00015E+14,61abca02-d06e-4e90-9d07-89f55957e5e0,http://images.delivery.walmart.com/03def739-99a9-4f23-a58f-b328b1b84561.jpeg,http://images.delivery.walmart.com/32deea7f-ca70-4746-8d90-e7fb82403b91.jpeg,acceptable,TRUE,,,
6/18/2026,2.00015E+14,a4a54926-f99c-6672-a02e-74dab27e6bd9,http://images.delivery.walmart.com/dc837e46-9266-4e6e-ba9d-de8b545623fd.jpeg,http://images.delivery.walmart.com/b26afc4c-1bda-4d05-8765-cc8e694eadf8.jpeg,acceptable,TRUE,,,
6/18/2026,2.00015E+14,c8108aa9-73d0-448a-b1b5-fe8c785e7e37,http://images.delivery.walmart.com/0ae9ab69-b204-4028-a604-8619d2fab5c2.jpeg,http://images.delivery.walmart.com/1635333a-8658-4c5d-a888-c81c499481d7.jpeg,acceptable,TRUE,,,
6/18/2026,2.00015E+14,31dc60fa-58e2-44c9-b56b-87652ae33e5e,http://images.delivery.walmart.com/334eb14e-a445-418a-8ce6-bfeb6b1486e2.jpeg,http://images.delivery.walmart.com/a470b30d-c6ec-489b-ba14-0ef41f4502b7.jpeg,acceptable,TRUE,,,
6/18/2026,2.00015E+14,c63fc456-bec9-44e4-9a5e-70fb42b71fd6,http://images.delivery.walmart.com/a758d0f4-5a17-472c-be95-116341d0c7e7.jpeg,http://images.delivery.walmart.com/4bec9c9c-85fb-4c67-9889-a5d9873f0720.jpeg,acceptable,TRUE,,,
6/18/2026,2.00015E+14,b2fabaab-ee81-4d7e-a261-1c2152bbadc8,http://images.delivery.walmart.com/7968e5a4-709b-48ad-876c-9c509cf82631.jpeg,http://images.delivery.walmart.com/d0b69957-3d92-43ba-97fb-ba644e33265b.jpeg,acceptable,TRUE,,,
6/18/2026,2.00015E+14,3925b506-83e2-4a11-ba03-928f3460e31d,http://images.delivery.walmart.com/37a76258-d7c1-41e3-83ca-a35356ce7e11.jpeg,http://images.delivery.walmart.com/f304f4f7-2369-4d68-97ca-45674d0b16f8.jpeg,acceptable,TRUE,,,
6/18/2026,2.00015E+14,0c26002e-62cf-4a0d-a510-6c1f5c636318,http://images.delivery.walmart.com/2ed092ef-0c0e-4e6e-80e7-d152e346a5ed.jpeg,http://images.delivery.walmart.com/7d31ebcb-1cc8-4293-b7b6-4a34215fea6e.jpeg,acceptable,TRUE,,,
6/18/2026,2.00015E+14,edd61fa3-2b80-4ebe-a9d2-c1492b5f2517,http://images.delivery.walmart.com/0cf8c452-6323-4601-804b-5f7398d45d72.jpeg,http://images.delivery.walmart.com/52a01dd6-d714-4f38-9241-48799a26c05c.jpeg,acceptable,TRUE,,,
6/18/2026,2.00015E+14,b958a5a3-107b-4194-bc8f-bfbfe00c1376,http://images.delivery.walmart.com/385c2ae9-e657-4f9e-bfc9-496e882cb22e.jpeg,http://images.delivery.walmart.com/ed5660a3-c908-48c6-aadc-82d916466690.jpeg,acceptable,TRUE,,,
6/18/2026,2.00015E+14,4439f539-43aa-4f8d-a513-ff720be1f3a7,http://images.delivery.walmart.com/47d1f723-b47b-4f06-b59d-9e3968651e9c.jpeg,http://images.delivery.walmart.com/cfbd126e-23f3-4386-8580-5fdb1bf9ea3f.jpeg,acceptable,TRUE,,,
6/18/2026,2.00015E+14,8c4c2a17-c368-461a-92ac-c23efa1eb885,http://images.delivery.walmart.com/b3e09317-df96-488c-99c1-c78830e71d3a.jpeg,http://images.delivery.walmart.com/6363e5b9-d1b4-440c-88ea-9668c90401c8.jpeg,acceptable,TRUE,,,
6/18/2026,2.00015E+14,a3ee1209-c681-4b59-8b53-29a3c6af5fff,http://images.delivery.walmart.com/fb8aa18b-3ca0-4578-9038-bf8ad9c446ec.jpeg,http://images.delivery.walmart.com/5a39ca7a-8986-4aed-b631-ddc056b8c9f9.jpeg,acceptable,TRUE,,,
6/18/2026,2.00015E+14,c27e9848-c526-4483-9049-88b73dcfbb4e,http://images.delivery.walmart.com/ac1b7507-048a-484b-b765-10a7f89b3604.jpeg,http://images.delivery.walmart.com/a195c54f-61f8-4a00-8ee2-5f2cf33ebf54.jpeg,acceptable,TRUE,,,
6/18/2026,2.00015E+14,7e76faa0-12d2-4975-a393-f51d6fb6a37c,http://images.delivery.walmart.com/d742e86e-482c-4942-9b16-8a87f545ec13.jpeg,http://images.delivery.walmart.com/8b83d2f0-3daa-4cd7-b685-7f1e07ca419f.jpeg,acceptable,TRUE,,,
6/18/2026,2.00015E+14,c29e7ad0-c634-40a5-a956-753615b457c5,http://images.delivery.walmart.com/fa725313-7771-40ae-a3d6-35f866ef7190.jpeg,http://images.delivery.walmart.com/5f9834b4-deb6-4e4d-9b7d-7fb944dcd842.jpeg,acceptable,TRUE,,,
6/18/2026,2.00015E+14,01b652ae-32f5-4f9b-a9b4-46ec32293faf,http://images.delivery.walmart.com/49bf8b0b-34c4-4d25-a56e-2a0721c91a3d.jpeg,http://images.delivery.walmart.com/674c4980-78dc-440e-99c3-fbf90e94b9bc.jpeg,acceptable,TRUE,,,
6/18/2026,2.00015E+14,7e69e70a-0f0b-4801-9b23-91d8b491fe74,http://images.delivery.walmart.com/b0ae1b7b-4e07-49f6-8ab7-635e2c010857.jpeg,http://images.delivery.walmart.com/4dfd598e-287b-47cd-bc35-4ff4cdee7297.jpeg,acceptable,TRUE,,,
6/18/2026,2.00015E+14,85aea18b-8cdd-80ff-f71e-f8d76c0b2011,http://images.delivery.walmart.com/f93376c8-73d9-4654-9491-a759ee66dce1.jpeg,http://images.delivery.walmart.com/6fa7b6bd-1871-4edb-9b22-abe52652cc3a.jpeg,acceptable,TRUE,,,
6/18/2026,2.00015E+14,992b31cf-dd8f-1381-e7f4-e2d5c9ee54f0,http://images.delivery.walmart.com/e3744f6f-1d5b-4997-9261-a039dd27cc4a.jpeg,http://images.delivery.walmart.com/43e6b7ff-20d0-4ab5-aeb8-b5ed88cab749.jpeg,acceptable,TRUE,,,
6/18/2026,2.00015E+14,579c0e73-faf1-484d-a223-7cdf3aed139c,http://images.delivery.walmart.com/269af78f-e297-4e5b-9918-827853618430.jpeg,http://images.delivery.walmart.com/8346d388-d653-40d6-be9a-024c3d9c4b4f.jpeg,acceptable,TRUE,,,
6/18/2026,2.00015E+14,ebd0b698-1bbe-4c83-8414-d7f6f3d6e542,http://images.delivery.walmart.com/b604359a-66f2-45c3-9fd3-0bd1604d0e73.jpeg,http://images.delivery.walmart.com/033920e8-e5a3-4d72-8156-850a5ce5b456.jpeg,acceptable,TRUE,,,
6/18/2026,2.00015E+14,ec32e833-73d9-4fcd-b4ab-348c1b58c34b,http://images.delivery.walmart.com/b842fcab-017a-4e3a-8282-b505cd080c93.jpeg,http://images.delivery.walmart.com/2edfe847-3659-49c4-9378-9172a9474d3c.jpeg,acceptable,TRUE,,,
6/18/2026,2.00015E+14,00fafe67-7b15-479b-9a7c-e77cd76ce0d6,http://images.delivery.walmart.com/bbf00746-32cc-4073-ba86-339a176661b6.jpeg,http://images.delivery.walmart.com/e578537b-048d-4512-bf86-cf3ff3040f6e.jpeg,acceptable,TRUE,,,
6/18/2026,2.00015E+14,aa32525b-0314-44be-9ce3-f0c3618f25f1,http://images.delivery.walmart.com/3a69a926-cb9a-4c64-9204-23764941640c.jpeg,http://images.delivery.walmart.com/98190d58-d2f9-47c2-ada9-76750aaaa261.jpeg,acceptable,TRUE,,,
6/18/2026,2.00015E+14,68be3333-c6c9-4d9d-96a1-2fc1768b526c,http://images.delivery.walmart.com/c704d488-344c-4bf4-9ad7-3fc954b736ca.jpeg,http://images.delivery.walmart.com/f68fc817-598c-41ed-b3fa-2af76bbe13b6.jpeg,acceptable,TRUE,,,
6/18/2026,2.00015E+14,e7af2f01-b1bc-488c-9828-edd114103578,http://images.delivery.walmart.com/8b08626e-e939-4bf6-b8ee-02c6c3415cef.jpeg,http://images.delivery.walmart.com/33ac3bbc-770f-429c-89e0-d17cad722afc.jpeg,acceptable,TRUE,,,
6/18/2026,2.00015E+14,b095606a-0fb3-4a2f-9159-0dbda12439cb,http://images.delivery.walmart.com/9c974a83-d623-4b02-b45a-5fdf2d92d502.jpeg,http://images.delivery.walmart.com/f946e804-328c-4c05-a2fd-95d0fc43b114.jpeg,acceptable,TRUE,,,
6/18/2026,2.00015E+14,72d5ee46-5b63-4120-a9a1-7a07b2fce456,http://images.delivery.walmart.com/58d12a6b-3ac1-4318-8ce2-e0b684a6067f.jpeg,http://images.delivery.walmart.com/22981264-e6d3-46b9-a105-368c286d176c.jpeg,acceptable,TRUE,,,
6/18/2026,2.00014E+14,c6ed731c-9c08-4d83-9950-028788ee1b7e,http://images.delivery.walmart.com/64c129d0-7f3c-4e58-9cd3-2843ca2cfb65.jpeg,http://images.delivery.walmart.com/a697a8c0-e067-44c5-af3e-a1200569b556.jpeg,acceptable,TRUE,,,
6/18/2026,2.00015E+14,b1b5e0ea-091e-4012-b8f6-9d8eca7f6148,http://images.delivery.walmart.com/c8454c7f-3298-4db1-ac3d-a25b10aa89d4.jpeg,http://images.delivery.walmart.com/3b226274-a700-4484-9319-438965c8e80f.jpeg,acceptable,TRUE,,,
6/18/2026,2.00015E+14,95bc604f-6449-4963-8fc5-73ba4f8ad0d6,http://images.delivery.walmart.com/f0a551b8-716b-45e6-8c7f-15aa692ba891.jpeg,http://images.delivery.walmart.com/c578b074-edca-43ba-8354-1bc7ee0a0f72.jpeg,acceptable,TRUE,,,
6/18/2026,2.00015E+14,224d56ae-02ce-4712-a7fb-2f38ce07acd5,http://images.delivery.walmart.com/6d617b8d-8a36-4f74-b45a-e0b948d45716.jpeg,http://images.delivery.walmart.com/7cd53148-653e-4ed6-ba13-8bb932bae41a.jpeg,acceptable,TRUE,,,
6/18/2026,2.00015E+14,6f5c43ae-d8ba-457c-81f9-7c15c08cb30c,http://images.delivery.walmart.com/1bd80a33-7626-4aac-a440-da36ae4f9de5.jpeg,http://images.delivery.walmart.com/daf39a31-1a5e-441e-86e1-d9a6936dcc05.jpeg,acceptable,TRUE,,,
6/18/2026,2.00015E+14,48c738ac-6c7f-461c-8571-277fc2e836fe,http://images.delivery.walmart.com/dae05add-30ee-4f21-8567-20a51b26a0f7.jpeg,http://images.delivery.walmart.com/878b2f75-bcd1-4cda-9e26-d026d6f1f9bf.jpeg,acceptable,TRUE,,,
6/18/2026,2.00015E+14,dae7e51a-5df9-4626-b165-0eb975e2122c,http://images.delivery.walmart.com/790d31e3-fadb-4b56-91c1-e908e4b74e54.jpeg,http://images.delivery.walmart.com/82924f45-a5f5-44f1-81d4-706ffab9ca73.jpeg,acceptable,TRUE,,,
6/18/2026,2.00015E+14,8e3e982a-63b9-ff37-e5ca-56f7531a3cb5,http://images.delivery.walmart.com/0c8a156e-eef0-4dd4-8b7c-1917fba057d5.jpeg,http://images.delivery.walmart.com/79c9c07c-a42f-4d28-96bc-72887e1b4744.jpeg,acceptable,TRUE,,,
6/18/2026,2.00015E+14,00dcd19c-e3bb-4ab9-b006-ad4c57cae786,http://images.delivery.walmart.com/1fdae9e4-9387-4fde-9e4a-51b4bb130cab.jpeg,http://images.delivery.walmart.com/784f0257-a065-4892-9dcd-8e15c03601a6.jpeg,acceptable,TRUE,,,
6/18/2026,2.00015E+14,782a8dda-64cd-4680-867b-58cacc0e8b73,http://images.delivery.walmart.com/46f0e6e3-16f7-4264-a4fc-e8dd70254289.jpeg,http://images.delivery.walmart.com/79849205-2829-45ac-b1b7-a64657d8f024.jpeg,acceptable,TRUE,,,
6/18/2026,2.00015E+14,946c7bc4-d3a2-420d-ba3e-5db37517efb0,http://images.delivery.walmart.com/90304e17-a3e2-40c1-890b-93773167adbe.jpeg,http://images.delivery.walmart.com/b120e695-75f7-46ed-852f-cc9819014671.jpeg,unacceptable,TRUE,,,
6/18/2026,2.00015E+14,3a6d244c-7620-46fc-9327-52f6a9b364a5,http://images.delivery.walmart.com/f94533cf-9383-40be-8fda-555227c83448.jpeg,http://images.delivery.walmart.com/7ad6d75f-73e5-47a5-9cd2-3dec58fd0a85.jpeg,acceptable,TRUE,,,
6/18/2026,2.00015E+14,b2006c71-6980-40ce-9e5e-cfe1002d0746,http://images.delivery.walmart.com/0ec41b46-db80-4d24-94c1-eb369e69ca7b.jpeg,http://images.delivery.walmart.com/c56d8fde-2b8c-4956-839e-ec89f1fef009.jpeg,acceptable,TRUE,,,
6/18/2026,2.00015E+14,7dd4d439-9db9-405e-86ff-3753cae05452,http://images.delivery.walmart.com/e0e7186e-236c-4f33-820c-d234a2cf2030.jpeg,http://images.delivery.walmart.com/a41328dc-ea1b-4375-a86e-20c0a8f09006.jpeg,acceptable,TRUE,,,
6/18/2026,2.00015E+14,4e4911b6-5eb2-4a1c-1741-1b5ed3fd2d3e,http://images.delivery.walmart.com/f7c0b873-62a1-409b-af53-712ef0176bf4.jpeg,http://images.delivery.walmart.com/abe9d38e-3fb8-475b-9c64-577e7a7ff391.jpeg,acceptable,TRUE,,,
6/18/2026,2.00015E+14,e47fa568-8bce-4aff-9e2d-1ad188e3b912,http://images.delivery.walmart.com/162a3125-dd9a-45e8-ae66-fc9405631553.jpeg,http://images.delivery.walmart.com/c14c701c-0242-4864-9212-afb71db2deea.jpeg,acceptable,TRUE,,,
6/18/2026,2.00015E+14,96a7fc76-243b-48ab-b797-99e5e089ff13,http://images.delivery.walmart.com/02021a6f-2047-41fe-a033-7c8c17d1d0df.jpeg,http://images.delivery.walmart.com/a6c40070-457c-4143-a67a-53302f13d897.jpeg,acceptable,TRUE,,,
6/18/2026,2.00015E+14,400c470f-ec6f-429a-a0a4-1fc63e27270d,http://images.delivery.walmart.com/5cb2748a-75d2-4e83-b3e8-4c8b2ef73997.jpeg,http://images.delivery.walmart.com/3644ea49-4124-433e-a1ac-b50ecdcd0ca2.jpeg,acceptable,TRUE,,,
6/18/2026,2.00015E+14,c4d7e191-f245-4d6a-a7f8-8d182526be77,http://images.delivery.walmart.com/6a59b03f-981a-428a-bd89-31c62e444ba4.jpeg,http://images.delivery.walmart.com/f7556681-3d21-4546-b8b1-1aa5840ec269.jpeg,acceptable,TRUE,,,
6/18/2026,2.00015E+14,6d2f0e78-2916-463b-9a28-f5d3a5822966,http://images.delivery.walmart.com/70a41c45-cc69-490f-9239-adeebad0e6cc.jpeg,http://images.delivery.walmart.com/4ff9f3d9-c13c-4ba4-b1d2-805dfe48f447.jpeg,acceptable,TRUE,,,
6/18/2026,2.00015E+14,0ae24db0-05be-4fbb-b0ed-95996f88b7c9,http://images.delivery.walmart.com/b00fbb7f-0bc5-407b-b8fb-663f949ca30e.jpeg,http://images.delivery.walmart.com/1479b186-ba22-4572-8e10-afbbaf49de56.jpeg,acceptable,TRUE,,,
6/18/2026,2.00015E+14,22a34108-67b7-4578-befc-0267a58cbc7c,http://images.delivery.walmart.com/71b704dc-3928-4206-83ad-0fbb0f3fef18.jpeg,http://images.delivery.walmart.com/dd784fa2-22ac-4404-ac82-114fe3a7bf10.jpeg,acceptable,TRUE,,,
6/18/2026,2.00015E+14,0443dee8-e171-eab3-09f2-e36b26a9f168,http://images.delivery.walmart.com/5e37e6fc-ec3c-43bc-8e66-ad95b2e1184b.jpeg,http://images.delivery.walmart.com/be44dd56-296e-4bac-8598-b28053f8890f.jpeg,acceptable,TRUE,,,
6/18/2026,2.00015E+14,bc48e1c1-f1c4-4aa2-a4fd-cbbebd7064bc,http://images.delivery.walmart.com/e053fe97-db71-49c9-bbec-c3a5544a03f8.jpeg,http://images.delivery.walmart.com/fe31e452-869a-4d40-b04e-f610fc93e604.jpeg,acceptable,TRUE,,,
6/18/2026,2.00015E+14,d4c36f62-a2e3-45ac-9690-84f6ae30a667,http://images.delivery.walmart.com/80771e25-2fea-409a-8f87-1c7ffd96e489.jpeg,http://images.delivery.walmart.com/20c28eec-68c0-436b-b5be-6f072d054ad8.jpeg,acceptable,TRUE,,,
6/18/2026,2.00015E+14,7e92c386-0fb0-4dbc-a110-86d63ba032fa,http://images.delivery.walmart.com/81fb1c3f-ba11-4fe1-944d-0444556b66d5.jpeg,http://images.delivery.walmart.com/2ac81bd8-7971-4566-9c3d-757aafbb823f.jpeg,acceptable,TRUE,,,
6/18/2026,2.00015E+14,ecae1948-e80c-4e9c-8610-60e56046c490,http://images.delivery.walmart.com/cf5a74cc-d0bf-487b-8b3d-8409cd9c7b50.jpeg,http://images.delivery.walmart.com/fab3ab57-d2cb-4398-9ea4-34645c7bc3f0.jpeg,acceptable,TRUE,,,
6/18/2026,2.00015E+14,995c1e05-1428-4f7b-8b01-4fb23d6577eb,http://images.delivery.walmart.com/c7729070-79aa-4904-ba07-1fbdc33b3a88.jpeg,http://images.delivery.walmart.com/960261eb-a467-47ec-bfce-4665fbb725fb.jpeg,acceptable,TRUE,,,
6/18/2026,2.00015E+14,8c9ed552-7606-c795-df8a-987df05e6353,http://images.delivery.walmart.com/6a1b5a2f-6d02-4986-be17-c3dd2512d460.jpeg,http://images.delivery.walmart.com/cb39c5db-b832-47c5-b521-d9c29d40eb01.jpeg,acceptable,TRUE,,,
6/18/2026,2.00015E+14,cc7c9461-b62f-4616-b1d7-64532ecd9303,http://images.delivery.walmart.com/99711743-0db0-4918-89f6-a43660a63b93.jpeg,http://images.delivery.walmart.com/e04f0946-9b7d-4216-a687-97420db7d771.jpeg,acceptable,TRUE,,,
6/18/2026,2.00015E+14,3334b831-d71b-45dd-afdd-4a1a14b7bf3e,http://images.delivery.walmart.com/c01c4421-4eb8-45d0-9b22-707719e5c286.jpeg,http://images.delivery.walmart.com/8d4331ac-3d85-460e-9eaf-7d8dc0233eeb.jpeg,acceptable,TRUE,,,
6/18/2026,2.00015E+14,58d52092-588a-4581-b9c1-718c1ebc4540,http://images.delivery.walmart.com/b86395a1-6dad-4588-bf64-ef1b80a107da.jpeg,http://images.delivery.walmart.com/17a60afc-6153-439c-91dd-df32443936f0.jpeg,acceptable,TRUE,,,
6/18/2026,2.00015E+14,61ceebf3-28d0-43d6-802e-5511889c9d7e,http://images.delivery.walmart.com/911710a8-2f2d-4f72-9faa-720b5b29802b.jpeg,http://images.delivery.walmart.com/bc4775a1-04bb-4aa5-831b-e99b9550b541.jpeg,unacceptable,TRUE,,,
6/18/2026,2.00015E+14,32c3ab18-efd2-4e9d-b1be-c377ef3e7f28,http://images.delivery.walmart.com/86f13727-addb-45dc-9059-3d4340c0dd33.jpeg,http://images.delivery.walmart.com/df883b36-22e2-49d0-b998-6acca612f38b.jpeg,acceptable,TRUE,,,
6/18/2026,2.00015E+14,4326b631-f937-4832-adfd-874540bbf46a,http://images.delivery.walmart.com/9a1ff5be-aa99-4d69-8f67-91739541c77f.jpeg,http://images.delivery.walmart.com/d168f294-48c5-4468-b6b5-95e4e6079fc3.jpeg,acceptable,TRUE,,,
6/18/2026,2.00015E+14,a63455b4-159d-4f1b-9832-717e7cf04f82,http://images.delivery.walmart.com/2231e936-c8fc-4247-9d0b-88c292a85632.jpeg,http://images.delivery.walmart.com/89b45f32-6a7b-42c0-9969-17f8f1dc1132.jpeg,acceptable,TRUE,,,
6/18/2026,2.00015E+14,9bd4b5e6-e875-4f3f-9026-da83d6baa7c7,http://images.delivery.walmart.com/445c82e9-98d5-4893-995c-f340c996ea45.jpeg,http://images.delivery.walmart.com/1602e8a8-35fb-4d99-99e8-2a9ea9cacc4c.jpeg,acceptable,TRUE,,,
6/18/2026,2.00015E+14,c2d8a8e1-2bc8-46e8-837a-35a9680cbce2,http://images.delivery.walmart.com/f344345c-f432-4a0c-b9b7-d161913c6dae.jpeg,http://images.delivery.walmart.com/24afa2f3-6357-41d7-8b12-b09b3b201f8d.jpeg,acceptable,TRUE,,,
6/18/2026,2.00015E+14,3c6b3f89-db6d-4ccd-8541-87e38bd53308,http://images.delivery.walmart.com/71c2fc81-7c8d-4b0a-b640-f9a62fef2dc5.jpeg,http://images.delivery.walmart.com/45062552-2edf-43b6-8cae-28084845ea90.jpeg,acceptable,TRUE,,,
6/18/2026,2.00015E+14,81e4c3c2-190e-4d8a-aadf-0b705026fde9,http://images.delivery.walmart.com/ef7cc8fa-bfd8-4e88-b580-c24795c2fd18.jpeg,http://images.delivery.walmart.com/4480bad0-9ed9-4f29-9bf3-39cedfa3b5e9.jpeg,acceptable,TRUE,,,
6/18/2026,2.00015E+14,e81423ef-ca21-4174-bfbc-50d7ec7c3d61,http://images.delivery.walmart.com/f759dbbb-2080-474e-a5ae-140e31253279.jpeg,http://images.delivery.walmart.com/713154df-c327-4735-a496-2bdaa82758e7.jpeg,acceptable,TRUE,,,
6/18/2026,2.00015E+14,e639d1f5-f507-468b-814f-7e725a86041e,http://images.delivery.walmart.com/d9115677-1c94-4f93-a002-21244e0fc3f7.jpeg,http://images.delivery.walmart.com/3b73cd92-245b-4a20-bab7-234721ff4ed2.jpeg,acceptable,TRUE,,,
6/18/2026,2.00015E+14,09f9b747-9e08-4d60-a352-25dff92cc10c,http://images.delivery.walmart.com/061ecf23-5788-4fa4-a101-640c027f1898.jpeg,http://images.delivery.walmart.com/37a5acb2-54a0-4d96-b33d-76cd490d2dcc.jpeg,acceptable,TRUE,,,
6/18/2026,2.00015E+14,cdef41e6-815c-4d79-89ec-0faf3d715f72,http://images.delivery.walmart.com/479a59c9-1367-40d4-964d-c594f0836595.jpeg,http://images.delivery.walmart.com/7dec6029-4b0b-48b2-856d-5726546b8640.jpeg,acceptable,TRUE,,,
6/18/2026,2.00015E+14,1ba80300-9b58-43a4-9f5c-8c48783da117,http://images.delivery.walmart.com/773096ca-d37c-49c3-be25-e42a01c57106.jpeg,http://images.delivery.walmart.com/9fb1f0f3-b529-45a6-9bcf-5686030ecad5.jpeg,acceptable,TRUE,,,
6/18/2026,2.00015E+14,7977d1a0-074b-ec80-078e-17147b7f3634,http://images.delivery.walmart.com/92655066-db94-4e52-a0f7-7f8189657533.jpeg,http://images.delivery.walmart.com/8a43dac0-a974-4b7a-b406-46df7fd5056b.jpeg,acceptable,TRUE,,,
6/18/2026,2.00015E+14,a6662c09-34f5-43da-bb45-29cba32c141b,http://images.delivery.walmart.com/af640fc4-e599-4fda-a621-9a4daad3af3d.jpeg,http://images.delivery.walmart.com/b15e2f57-ca08-4a17-812b-2233cf4e55ea.jpeg,acceptable,TRUE,,,
6/18/2026,2.00015E+14,023d717b-27b7-427e-a0be-e0808c5caa4f,http://images.delivery.walmart.com/17caa2d1-90c8-435f-8be7-62d760b2cf4a.jpeg,http://images.delivery.walmart.com/f8b71de5-1afb-466f-930c-1f97232663f5.jpeg,acceptable,TRUE,,,
6/18/2026,2.00015E+14,13f7eb6b-b085-4fc8-83f0-b8091106d24f,http://images.delivery.walmart.com/238d17b2-da05-44a9-b152-598ee1cdc3d7.jpeg,http://images.delivery.walmart.com/408203f4-2ff3-4027-aa5d-17ec9c0bf53e.jpeg,acceptable,TRUE,,,
6/18/2026,2.00015E+14,375a665c-c2b8-4d67-88eb-4686ed446eb4,http://images.delivery.walmart.com/34f3c3cf-0ddb-48cc-bab1-ca1db417eee0.jpeg,http://images.delivery.walmart.com/ab8c3651-8e04-4c1b-99d8-c638edb8b804.jpeg,acceptable,TRUE,,,
6/18/2026,2.00015E+14,a3411eca-df9f-4e94-aff1-7b364a759c3e,http://images.delivery.walmart.com/865880d8-0b8a-4ca6-a4a0-ec09be6afbe1.jpeg,http://images.delivery.walmart.com/1cc4c83e-7856-4e85-a441-4573f1695c18.jpeg,acceptable,TRUE,,,
6/18/2026,2.00015E+14,c2bc9827-68e7-4681-bb7c-89ac8fa05ca9,http://images.delivery.walmart.com/ac88e337-80fc-4b67-87c7-09ca90a53be8.jpeg,http://images.delivery.walmart.com/c196835e-e41f-4757-98aa-258236123b83.jpeg,acceptable,TRUE,,,
6/18/2026,2.00015E+14,a3606893-0ba2-455a-9cd4-ea76fdcaa243,http://images.delivery.walmart.com/ba20545b-681f-46f2-af9e-d0d14ca57478.jpeg,http://images.delivery.walmart.com/fc45984e-17c6-41eb-9a06-c535d3dc1a4e.jpeg,acceptable,TRUE,,,
6/18/2026,2.00015E+14,b22a53d0-23f0-4973-a6ff-f88a06e038f8,http://images.delivery.walmart.com/e4550dcb-e8bf-4971-a401-5a120d2c5c0b.jpeg,http://images.delivery.walmart.com/14801b45-b183-4114-91c2-97b42538b59c.jpeg,acceptable,TRUE,,,
6/18/2026,2.00015E+14,a2ce0e14-5dfb-623c-83c1-e7b1424a89f1,http://images.delivery.walmart.com/df6cd6ef-dc32-4016-bcac-eff52026ca41.jpeg,http://images.delivery.walmart.com/b0e49ae0-e8f8-497c-9092-236e380b65d6.jpeg,acceptable,TRUE,,,
6/18/2026,2.00015E+14,dff25acf-9b34-4080-827b-6b6bc79200b9,http://images.delivery.walmart.com/17ae3854-24cd-407a-99ba-f18a2339a4c2.jpeg,http://images.delivery.walmart.com/7c4c40e4-ba28-4aea-b91f-ac2f080da477.jpeg,acceptable,TRUE,,,
6/18/2026,2.00015E+14,6d890735-2186-4da1-a5b8-3d4b149cf96d,http://images.delivery.walmart.com/03ba308b-2bbd-40db-a6b6-07f2ee00788c.jpeg,http://images.delivery.walmart.com/9695bf87-3661-4556-ad9d-a3a8d39cd821.jpeg,acceptable,TRUE,,,
6/18/2026,2.00015E+14,3dd9d00a-eb2d-2c9b-66de-34d41389d4d3,http://images.delivery.walmart.com/1e96f99b-3783-43f4-bcf9-fb615c08264f.jpeg,http://images.delivery.walmart.com/042d249f-a1e2-4f47-b4c9-3b150ee1258f.jpeg,acceptable,TRUE,,,
6/18/2026,2.00015E+14,23a26bbe-313a-4d14-b5e2-463a08d08247,http://images.delivery.walmart.com/89f03a05-38ac-437a-9d7f-34d2700fef49.jpeg,http://images.delivery.walmart.com/e0880aa7-eb9e-49ac-9464-c9e81ef05cea.jpeg,acceptable,TRUE,,,
6/18/2026,2.00015E+14,c6472c25-d3be-4105-833b-a2b609231c01,http://images.delivery.walmart.com/731084c4-60c8-4971-9951-e28d4effbe42.jpeg,http://images.delivery.walmart.com/f6d6a43b-6906-4b89-aec5-10e5c77f715c.jpeg,acceptable,TRUE,,,
6/18/2026,2.00014E+14,f1dabc03-2f04-46b7-924b-f47ff953e1a9,http://images.delivery.walmart.com/c376bd67-21eb-432c-9720-2150e2899628.jpeg,http://images.delivery.walmart.com/e8ead36e-e931-4666-8480-9140c63a4f5e.jpeg,acceptable,TRUE,,,
6/18/2026,2.00015E+14,fd0ad886-db8e-444a-aae6-f9fd1bca932f,http://images.delivery.walmart.com/c5759c16-4ebb-4968-8750-1ff7f7cbba77.jpeg,http://images.delivery.walmart.com/6222164f-28e8-41f6-bb76-ed8eb7930953.jpeg,acceptable,TRUE,,,
6/18/2026,2.00015E+14,8e531075-c292-42a9-988d-5e5a62ca3d20,http://images.delivery.walmart.com/b6cfbf2b-6ced-4032-928c-3238fa357231.jpeg,http://images.delivery.walmart.com/4caeb185-c892-431b-b9e0-6b9d62df4f4e.jpeg,acceptable,TRUE,,,
6/18/2026,2.00015E+14,8515ca6d-d5a6-4020-80b4-7bd1551bf852,http://images.delivery.walmart.com/ac54c70e-a184-4997-8c2a-0bf14faf2ad9.jpeg,http://images.delivery.walmart.com/f102dc87-a05f-4af1-b8a1-148001172aa4.jpeg,acceptable,TRUE,,,
6/18/2026,2.00015E+14,66ebf4ea-d549-356b-e250-fb478b410462,http://images.delivery.walmart.com/00bc430b-c554-4b1e-b38a-0d9d4b66b541.jpeg,http://images.delivery.walmart.com/85e59eec-b10e-4c6c-b70c-e9f88159d8d0.jpeg,acceptable,TRUE,,,
6/18/2026,2.00015E+14,3ed45d7c-1b01-47bd-911a-38b37747590a,http://images.delivery.walmart.com/cf43cb0f-9e68-442c-a071-286126193d4b.jpeg,http://images.delivery.walmart.com/5bac7432-7f55-46da-9095-5523899e4f68.jpeg,acceptable,TRUE,,,
6/18/2026,2.00015E+14,fdff9381-6a8f-f195-39f4-697b656b107c,http://images.delivery.walmart.com/3e84a301-b77c-4b7e-8442-748858210ffb.jpeg,http://images.delivery.walmart.com/9cb4f306-ccab-4775-a918-848d4b9d8e8b.jpeg,acceptable,TRUE,,,
6/18/2026,2.00015E+14,4701fc59-bf60-490b-b2fb-19046538e3dd,http://images.delivery.walmart.com/be15916f-a04b-4881-ade3-104991afc119.jpeg,http://images.delivery.walmart.com/74799b16-8c4e-479a-9dd9-b04ef1eceaf7.jpeg,acceptable,TRUE,,,
6/18/2026,2.00015E+14,46a47932-0f23-49a8-952e-0961db50520a,http://images.delivery.walmart.com/543519c0-b3c6-4216-91df-f16c5c93bbbf.jpeg,http://images.delivery.walmart.com/0811dddb-b434-4c36-9b66-8e89a4ed1640.jpeg,acceptable,TRUE,,,
6/18/2026,2.00015E+14,78312aa4-272a-43fb-b213-ff75700c722c,http://images.delivery.walmart.com/516d499f-a1e9-4714-9154-a67319eaef7c.jpeg,http://images.delivery.walmart.com/9db98f75-4843-406f-bbb4-9bc29828cdd7.jpeg,acceptable,TRUE,,,
6/18/2026,2.00015E+14,13e57425-52de-4733-901f-6cf2bc6ebf46,http://images.delivery.walmart.com/272ef5e4-cf10-4030-8184-6946add219de.jpeg,http://images.delivery.walmart.com/892ca318-09bd-44fd-8a0d-e26d1eee8494.jpeg,acceptable,TRUE,,,
6/18/2026,2.00015E+14,fa125d98-26a2-1a02-4703-e55b4541b02b,http://images.delivery.walmart.com/ff01bd3b-f6d0-426a-bdd2-d35d0270385b.jpeg,http://images.delivery.walmart.com/cfca42bf-c8ca-4138-8cd8-54c0b2bdfb91.jpeg,acceptable,TRUE,,,
6/18/2026,2.00015E+14,bb9b7448-56b3-4dee-aaf9-877618c0d408,http://images.delivery.walmart.com/1237d7be-56c9-4990-bb6c-e5de3f3f610d.jpeg,http://images.delivery.walmart.com/9ce7cbe6-d648-430b-b077-662bc37ec7f0.jpeg,acceptable,TRUE,,,
6/18/2026,2.00015E+14,d30d8a0b-662e-42f0-92ec-94779d7560ec,http://images.delivery.walmart.com/c5d4db02-f643-4e0b-a215-c34cf5f457a3.jpeg,http://images.delivery.walmart.com/f343ad68-ae9d-44b9-bda7-21aa62555dd7.jpeg,acceptable,TRUE,,,
6/18/2026,2.00015E+14,cfa9bb36-d4f3-4094-b230-99075872efb0,http://images.delivery.walmart.com/56d10cab-e7cc-4fa6-bc1a-5fb281ed962e.jpeg,http://images.delivery.walmart.com/7872ed4d-bb50-427d-ace4-fd5f6c988b60.jpeg,acceptable,TRUE,,,
6/18/2026,2.00015E+14,838047eb-4432-4342-b706-6485a53fb6b1,http://images.delivery.walmart.com/7e7dbb70-76ac-49b7-9907-1580b49bebb8.jpeg,http://images.delivery.walmart.com/b12242a2-1c8e-4f33-b4a3-f17e13ecb330.jpeg,acceptable,TRUE,,,
6/18/2026,2.00015E+14,945eb1a3-d1ac-458f-98f3-557914fef6e8,http://images.delivery.walmart.com/7c4dffec-8830-4b94-98ea-a9a8ac953e74.jpeg,http://images.delivery.walmart.com/556491b6-5ee8-4a3b-a7d5-c98c54d5cefa.jpeg,acceptable,TRUE,,,
6/18/2026,2.00015E+14,7990f600-6502-4804-87cc-e90d89523f27,http://images.delivery.walmart.com/f9669257-6213-43ea-9347-7d9ee1e44bbe.jpeg,http://images.delivery.walmart.com/ccc17a58-7ab6-494c-9d2e-38a5922e6f2a.jpeg,acceptable,TRUE,,,
6/18/2026,2.00015E+14,6a33831e-df48-4032-89f8-1a0a28e0c41e,http://images.delivery.walmart.com/ad2493f8-251c-4a00-b465-3acf344218a4.jpeg,http://images.delivery.walmart.com/14d95981-7f07-45b7-bd9d-6cc3615039ba.jpeg,unacceptable,TRUE,,,
6/18/2026,2.00015E+14,2af19399-b117-f6ee-0df7-c9994ce643bb,http://images.delivery.walmart.com/b9c734db-4eff-49a9-8385-26e5718db49f.jpeg,http://images.delivery.walmart.com/bda160f7-a1ad-481c-a787-9ad8951551d6.jpeg,acceptable,TRUE,,,
6/18/2026,2.00015E+14,906cb536-6584-43fc-a659-da2d07ae2be7,http://images.delivery.walmart.com/8d6b6a7c-0f07-4dcc-9786-5c6eda5a8963.jpeg,http://images.delivery.walmart.com/286b9332-e1ee-444a-89ed-80357b53be73.jpeg,acceptable,TRUE,,,
6/18/2026,2.00015E+14,aebf927b-ad61-43a2-addd-e3e0c25ec69b,http://images.delivery.walmart.com/c2501b71-49c3-43f3-9cb7-c5a2461ea3da.jpeg,http://images.delivery.walmart.com/df474350-d044-4abf-bcff-7e733bf3bd68.jpeg,acceptable,TRUE,,,
6/18/2026,2.00015E+14,cf0161a9-9c8a-445b-b4c9-ae5e5e5cac12,http://images.delivery.walmart.com/313d0a75-86d7-4c0f-a69c-363847f7d247.jpeg,http://images.delivery.walmart.com/6dd0280d-95a8-4b36-9fb3-599db622a26c.jpeg,acceptable,TRUE,,,
6/18/2026,2.00015E+14,027ed66e-102e-0b29-8529-c078a136140f,http://images.delivery.walmart.com/2ded15ed-8ec5-40db-8f3a-53274b67cedd.jpeg,http://images.delivery.walmart.com/6aee6fff-386b-4c43-bf35-b623b614d043.jpeg,acceptable,TRUE,,,
6/18/2026,2.00015E+14,d23bafc7-56e4-4bc9-8adf-58684e86675d,http://images.delivery.walmart.com/d6aa36c3-72e6-4759-986e-9073a166e0a2.jpeg,http://images.delivery.walmart.com/e3591827-dab4-4dc4-939e-0f5adb8dbca3.jpeg,acceptable,TRUE,,,
6/18/2026,2.00015E+14,436f48f7-14d4-45b1-bf4e-d7f1f4f5433b,http://images.delivery.walmart.com/f9774b34-8348-4f4e-a2f4-fbc5c81a9260.jpeg,http://images.delivery.walmart.com/2297de8b-8cc8-4d8a-9bd2-d25e911783af.jpeg,acceptable,TRUE,,,
6/18/2026,2.00015E+14,7fa790cc-dad7-4ed7-bbe9-9694ca3af398,http://images.delivery.walmart.com/306493c7-e539-4570-b312-0d512f9b0196.jpeg,http://images.delivery.walmart.com/78a07197-c7e6-4fad-92b8-16df965c7b66.jpeg,acceptable,TRUE,,,
6/18/2026,2.00015E+14,e7c3b76e-e438-4121-825d-164acca216f2,http://images.delivery.walmart.com/3402846e-170b-4025-af67-be60c1189695.jpeg,http://images.delivery.walmart.com/659fccec-b01c-4ce9-b69f-f1ca7993a0c7.jpeg,acceptable,TRUE,,,
6/18/2026,2.00015E+14,e28a0c58-d809-477a-a2dc-c2566d35411c,http://images.delivery.walmart.com/f1024e2b-f710-4e0b-999a-31761c6a2865.jpeg,http://images.delivery.walmart.com/a24c63f1-5e13-44ed-a81d-86136585d480.jpeg,acceptable,TRUE,,,
6/18/2026,2.00015E+14,06b5e3d8-4dda-486c-ac40-f22ae39ca3e0,http://images.delivery.walmart.com/063ef2bd-cbe3-41e3-b0ee-cc768f38f7c6.jpeg,http://images.delivery.walmart.com/37164cf6-ba59-4d74-8274-e46a59a89674.jpeg,acceptable,TRUE,,,
6/18/2026,2.00015E+14,db3c0d42-b052-4bc6-8884-172fade6ea35,http://images.delivery.walmart.com/1318c047-044a-4b07-afb0-f6c0598abb6a.jpeg,http://images.delivery.walmart.com/6aa78a0b-0550-4202-8eee-0a0f17523194.jpeg,unacceptable,TRUE,,,
6/18/2026,2.00015E+14,b580c860-9cee-44c1-9b58-72da5fcfb7e4,http://images.delivery.walmart.com/1e3470c0-a467-4612-855f-eb228667628d.jpeg,http://images.delivery.walmart.com/eda05750-f319-4f87-80ff-c81f432f3168.jpeg,acceptable,TRUE,,,
6/18/2026,2.00015E+14,85713d74-f8e1-4d56-9276-8d9865a00de4,http://images.delivery.walmart.com/f8b418c4-8a1a-4a17-ba6e-6dd3daab14a0.jpeg,http://images.delivery.walmart.com/69e5ccb5-7244-4075-ad04-f28a443334f8.jpeg,acceptable,TRUE,,,
6/18/2026,2.00015E+14,e755514a-6e61-4d64-ab4c-f2fcc247364e,http://images.delivery.walmart.com/aba3af08-2fd6-46c9-8d28-995100fa3c76.jpeg,http://images.delivery.walmart.com/d166f0f7-369a-44cf-9737-6a72608b661e.jpeg,acceptable,TRUE,,,
6/18/2026,2.00015E+14,21d647c9-c179-4f82-bbc8-aa52839f72a7,http://images.delivery.walmart.com/dbfdd942-9263-482d-a774-02c3760534ac.jpeg,http://images.delivery.walmart.com/e9fd9d9b-ec3d-4dd3-a6af-a4f6c2d49f8a.jpeg,acceptable,TRUE,,,
6/18/2026,2.00015E+14,cc6a35c6-5c41-40b7-b610-3a0dac7f5145,http://images.delivery.walmart.com/4e41bcaf-f668-4857-bb0b-ad6af0bee2fc.jpeg,http://images.delivery.walmart.com/ca12a553-c7c4-4681-808c-d6abd1ab9015.jpeg,acceptable,TRUE,,,
6/18/2026,2.00015E+14,c04b293a-2e17-4c3c-b215-181fd4bf7805,http://images.delivery.walmart.com/58ec6e9a-c2f7-4383-baa4-1abf72eaba83.jpeg,http://images.delivery.walmart.com/efebd6a7-8b16-4be9-ab07-7af297831f1e.jpeg,acceptable,TRUE,,,
6/18/2026,2.00015E+14,6eac4524-6aa8-4678-baf1-cdaaa00e1b8d,http://images.delivery.walmart.com/fd4fea07-8c8f-4430-94dd-be1ac1f77d37.jpeg,http://images.delivery.walmart.com/34d1bae9-7f18-473b-8ce0-bba05725ce9e.jpeg,acceptable,TRUE,,,
6/18/2026,2.00015E+14,dd6523d9-1043-8cc4-d3ed-4461fc0fe428,http://images.delivery.walmart.com/57afa9e0-9ab9-4e50-832a-c0b2b80988b9.jpeg,http://images.delivery.walmart.com/5ad39378-de03-476b-bba1-667e1e8a914c.jpeg,acceptable,TRUE,,,
6/18/2026,2.00015E+14,34976cba-25e7-47e7-804d-134701d3dff4,http://images.delivery.walmart.com/ba82fb00-decd-4357-9d7f-0f8dbdf21a10.jpeg,http://images.delivery.walmart.com/343161d2-48d9-4560-9f29-84981ba65457.jpeg,acceptable,TRUE,,,
6/18/2026,2.00015E+14,851d2fc8-bb4f-f04a-9710-f661f58e1101,http://images.delivery.walmart.com/c6f87c1f-34c1-4baa-8d30-c6d98fa5388c.jpeg,http://images.delivery.walmart.com/4a9569ef-de67-46a4-8673-22109a787a60.jpeg,acceptable,TRUE,,,
6/18/2026,2.00015E+14,f2b90aa8-efa7-4487-afc8-8afce2ba2ca1,http://images.delivery.walmart.com/33ee7bf9-7584-43ae-bc7c-dc35a78659b7.jpeg,http://images.delivery.walmart.com/dde318cd-a440-4976-ab31-8e5ac6c233f3.jpeg,acceptable,TRUE,,,
6/18/2026,2.00015E+14,7f0e7b5c-66fc-449f-b4d9-796c02a52bdc,http://images.delivery.walmart.com/aab06a96-2239-4f80-bc56-609899ff0b93.jpeg,http://images.delivery.walmart.com/21b54909-d375-4798-9bf8-7f6688d47540.jpeg,acceptable,TRUE,,,
6/18/2026,2.00015E+14,1eeeec46-d9f0-4d07-b611-0e37954b385e,http://images.delivery.walmart.com/7e21239e-e43a-49e9-a712-4a0af88b2f51.jpeg,http://images.delivery.walmart.com/968f4468-48ce-4062-81a5-cdee8b8fb181.jpeg,acceptable,TRUE,,,
6/18/2026,2.00015E+14,26c19a5b-1635-4770-9d91-0a964b4ad5bd,http://images.delivery.walmart.com/f90a6518-3dd8-4c65-b9d1-d427a3faca78.jpeg,http://images.delivery.walmart.com/c7091410-c5d9-49d3-9afb-ac0c924c345f.jpeg,acceptable,TRUE,,,
6/18/2026,2.00015E+14,512bdf9c-46b2-4ef4-bd3d-e58384a142e4,http://images.delivery.walmart.com/83230dfd-9b73-4534-bdf3-bb03b74b2122.jpeg,http://images.delivery.walmart.com/0695df28-8f27-4173-b962-d6c0cbe1d9a3.jpeg,acceptable,TRUE,,,
6/18/2026,2.00015E+14,71548ddb-8e20-46db-879e-4d328908b301,http://images.delivery.walmart.com/cb367c8b-038c-41d5-9feb-4a3ee627186f.jpeg,http://images.delivery.walmart.com/737fe5a8-d496-40e5-96e8-ea13375f72fc.jpeg,acceptable,TRUE,,,
6/18/2026,2.00015E+14,5b98b0a7-6890-4164-b721-89cf6a984198,http://images.delivery.walmart.com/65d80b17-5243-4389-bc6c-774f9fb7d971.jpeg,http://images.delivery.walmart.com/5cc0826e-80e0-4969-8484-efb08347d543.jpeg,acceptable,TRUE,,,
6/18/2026,2.00015E+14,ced0e697-d22f-4714-91d9-af88b79c4e06,http://images.delivery.walmart.com/1f2626db-c310-4c40-8e71-b4749b330058.jpeg,http://images.delivery.walmart.com/609d222a-be59-41b7-be24-1603ce3adc58.jpeg,acceptable,TRUE,,,
6/18/2026,2.00015E+14,02848f1b-3c0c-daae-950e-d9609d4fe50c,http://images.delivery.walmart.com/8db99371-3912-437b-8c77-a00627839fe4.jpeg,http://images.delivery.walmart.com/7b289b70-7731-47be-9fea-e5aa69ee39db.jpeg,acceptable,TRUE,,,
6/18/2026,2.00015E+14,9cde34df-98aa-4de1-895d-e922c5a22564,http://images.delivery.walmart.com/af55b649-cb52-46a3-a9a5-92a4155c6e80.jpeg,http://images.delivery.walmart.com/fb815a2e-b221-4462-8fdf-543d1fc77dc0.jpeg,acceptable,TRUE,,,
6/18/2026,2.00015E+14,b3e83b47-2e51-4877-bc24-bbef40f9ec71,http://images.delivery.walmart.com/4f968d60-ae46-44d4-a700-37ba0eb657b0.jpeg,http://images.delivery.walmart.com/711f5284-4c34-4eda-a551-32bf394b45b0.jpeg,acceptable,TRUE,,,
6/18/2026,2.00015E+14,77bada63-c7bd-1d5d-8136-5c25109b92f3,http://images.delivery.walmart.com/651c7a90-6c13-476a-aebf-4898d8380a40.jpeg,http://images.delivery.walmart.com/fb66aa0c-5fe0-41a9-859e-a6b43c240da8.jpeg,acceptable,TRUE,,,
6/18/2026,2.00015E+14,b331d31e-7091-440e-9f44-ad4b52e64ed9,http://images.delivery.walmart.com/cf1b78e8-67dd-4932-8adc-fff59e8150eb.jpeg,http://images.delivery.walmart.com/84d5691b-4ca6-4e11-8e88-36b841d19842.jpeg,acceptable,TRUE,,,
6/18/2026,2.00015E+14,e624b327-0f0c-446a-bcb6-292cdb929335,http://images.delivery.walmart.com/ca80f78e-7a4f-4e91-8c4f-179226d5f285.jpeg,http://images.delivery.walmart.com/e520c6b2-5d9d-4aa6-8556-6937be30c77c.jpeg,acceptable,TRUE,,,
6/18/2026,2.00015E+14,f5801f4c-465d-4e55-a05e-543d4a569634,http://images.delivery.walmart.com/b8aa894b-0372-4770-960f-94b902094fac.jpeg,http://images.delivery.walmart.com/1ceeee20-79e4-4623-a966-399d727d9d3a.jpeg,acceptable,TRUE,,,
6/18/2026,2.00015E+14,ee47751d-8cd2-412d-ae9e-2d0c94a4b6c6,http://images.delivery.walmart.com/23c27f78-4a15-44fe-8b9f-1357be5ed85c.jpeg,http://images.delivery.walmart.com/c86e3707-2550-4c8a-a0d4-bf392a5e616d.jpeg,acceptable,TRUE,,,
6/18/2026,2.00015E+14,51f3f2bf-6bd5-4fed-96ea-1b6d70beb811,http://images.delivery.walmart.com/95328254-ed34-4507-9638-35bc5d8a239a.jpeg,http://images.delivery.walmart.com/3ff8c7b1-9d6d-441d-bdf2-3017ce81940d.jpeg,acceptable,TRUE,,,
6/18/2026,2.00015E+14,ffc35935-922c-4cc6-b917-274ac98b97b3,http://images.delivery.walmart.com/05a401df-ab7c-4e6e-b0ed-b43a8a79bb2d.jpeg,http://images.delivery.walmart.com/7ad98f5f-5b3e-4c38-ba40-6c5aa3291721.jpeg,acceptable,TRUE,,,
6/18/2026,2.00015E+14,d0bbc7ce-7cdf-4110-81a0-81bf135b6329,http://images.delivery.walmart.com/9f462ab9-f746-4005-a3b7-e8c25df2aaff.jpeg,http://images.delivery.walmart.com/dcc6d043-bf3f-4ed5-9cd4-120f1905027c.jpeg,acceptable,TRUE,,,
6/18/2026,2.00015E+14,d4658e94-4a57-433b-b04a-8afc01ae92b0,http://images.delivery.walmart.com/c9272305-2f6f-41ab-8539-6c9a70f2c22c.jpeg,http://images.delivery.walmart.com/49932d94-9712-4f13-b30d-84dfbbd91ef0.jpeg,acceptable,TRUE,,,
6/18/2026,2.00015E+14,a6ba4df8-6950-ea94-c770-4eee385db2ea,http://images.delivery.walmart.com/44bf3afc-61db-4f8c-b081-d69e1cc80711.jpeg,http://images.delivery.walmart.com/b031cef2-b26f-49f4-9130-c715c611b8dc.jpeg,acceptable,TRUE,,,
6/18/2026,2.00015E+14,c618c98e-5ca4-0134-14c8-08abbb82c3a1,http://images.delivery.walmart.com/606c21dd-82d4-443d-84c0-cfd6953835c0.jpeg,http://images.delivery.walmart.com/02ea828a-659f-4362-9a14-3b74d2f68ce3.jpeg,acceptable,TRUE,,,
6/18/2026,2.00015E+14,d81e193c-60c4-40ec-95ce-803071668330,http://images.delivery.walmart.com/a9e0cd74-46a7-4674-9d56-9059505aba29.jpeg,http://images.delivery.walmart.com/d496a770-734d-4005-bc3c-35d6a0a979b6.jpeg,acceptable,TRUE,,,
6/18/2026,2.00015E+14,3ce6e871-7431-4816-8274-244442d5f0ea,http://images.delivery.walmart.com/ba3d4789-fe0d-41d5-86c7-7c9082a9f512.jpeg,http://images.delivery.walmart.com/45a5a476-c80a-40a7-9211-7d61005416bb.jpeg,acceptable,TRUE,,,
6/18/2026,2.00015E+14,2343a711-1f13-47dd-a0fb-127338916a32,http://images.delivery.walmart.com/a5b8d610-38b2-4512-af0d-3decb4c5d748.jpeg,http://images.delivery.walmart.com/15e79893-c36b-43f1-a5a2-b31875fb8176.jpeg,acceptable,TRUE,,,
6/18/2026,2.00015E+14,900199ea-2021-3907-9892-d02a5aefcaa8,http://images.delivery.walmart.com/4b0fd9bc-9942-433d-b8a3-b5a1f233adff.jpeg,http://images.delivery.walmart.com/d5ad5e14-90c3-4320-9595-df47b0917b9a.jpeg,acceptable,TRUE,,,
6/18/2026,2.00015E+14,ed9575a2-1359-4a5e-97c5-545b4587533e,http://images.delivery.walmart.com/04f491f1-32d7-45a0-bc9e-4b5b24896db8.jpeg,http://images.delivery.walmart.com/ede638f1-2956-4a8c-8f7d-a633a1503e02.jpeg,acceptable,TRUE,,,
6/18/2026,2.00015E+14,7b9115e2-669f-4fbd-8a2a-6a0b7f7342bf,http://images.delivery.walmart.com/c47988df-f526-4b1f-8d74-8ed6f7743541.jpeg,http://images.delivery.walmart.com/4cc1f06e-6e44-41a6-a527-9506b69cc506.jpeg,acceptable,TRUE,,,
6/18/2026,2.00015E+14,a10cfd76-54d8-470c-b08a-4a5e26a847d1,http://images.delivery.walmart.com/7f7cea00-e0e1-4cce-9058-7c746c070ea3.jpeg,http://images.delivery.walmart.com/4e0f35bf-1e56-46ce-a238-4d5bef883563.jpeg,acceptable,TRUE,,,
6/18/2026,2.00015E+14,34261cd2-da05-4afb-b38d-d4d931131d9f,http://images.delivery.walmart.com/b551d4e9-87c3-4436-ae60-72973d1032d2.jpeg,http://images.delivery.walmart.com/67eff670-7d74-460f-bd05-9627d0cc6466.jpeg,acceptable,TRUE,,,
6/18/2026,2.00015E+14,07bdb387-9234-47bb-8484-6594b5be8eba,http://images.delivery.walmart.com/ec2c5d1b-f664-485a-aa44-6909868687d9.jpeg,http://images.delivery.walmart.com/33f6372a-6fb9-4337-9cf3-5c749fb3d97e.jpeg,acceptable,TRUE,,,
6/18/2026,2.00015E+14,3958f763-ed0e-4671-a33d-154dcc3e4ee6,http://images.delivery.walmart.com/c752510e-48dd-4672-8cc8-e823197bdc48.jpeg,http://images.delivery.walmart.com/1c238787-226f-4cfb-b558-c7d25a8cd552.jpeg,acceptable,TRUE,,,
6/18/2026,2.00015E+14,2de0d232-1435-444d-aaf0-408df42f2ea5,http://images.delivery.walmart.com/c55b10af-925e-4203-be38-b5a78c46740a.jpeg,http://images.delivery.walmart.com/ebf7a26d-7f1f-445b-805e-757c6397c992.jpeg,acceptable,TRUE,,,
6/18/2026,2.00015E+14,5171bdd6-2ff3-4923-b483-c33db74bd9a0,http://images.delivery.walmart.com/9d71ef6e-ac08-4e43-bd03-2ec32cfaca07.jpeg,http://images.delivery.walmart.com/d1e65c8f-a08d-4184-b0f1-d3087d78907a.jpeg,acceptable,TRUE,,,
6/18/2026,2.00015E+14,7b2d3460-d825-445a-aa92-8d183161cb1c,http://images.delivery.walmart.com/f89bdcea-71f6-47f3-820c-260b5ea76338.jpeg,http://images.delivery.walmart.com/501f89d6-0a24-432a-b261-da55ca227bdd.jpeg,acceptable,TRUE,,,
6/18/2026,2.00015E+14,0d0a258e-2133-465d-afc5-65fa7a69da7c,http://images.delivery.walmart.com/9d7ac456-2591-46cb-9032-5740b9be7dbb.jpeg,http://images.delivery.walmart.com/c450a02b-49b2-4f93-8e6a-2dc3dc3d50bd.jpeg,acceptable,TRUE,,,
6/18/2026,2.00015E+14,b9ad1c61-aa3b-4baa-8151-3a884a01981c,http://images.delivery.walmart.com/dfda1726-ed89-4b12-9aee-4b7621385e79.jpeg,http://images.delivery.walmart.com/0cafeb12-87d8-40ba-b9cf-7f1ecf6ce277.jpeg,acceptable,TRUE,,,
